-- -------------------------------------------------------------
-- TablePlus 5.3.4(492)
--
-- https://tableplus.com/
--
-- Database: entitymodel
-- Generation Time: 2025-02-12 02:27:52.2880
-- -------------------------------------------------------------
BEGIN;

INSERT INTO "workspace_cx4n9amsokeimqyix671bckj6"."view" ("id", "name", "objectMetadataId", "type", "key", "icon", "kanbanFieldMetadataId", "position", "isCompact", "kanbanAggregateOperation", "kanbanAggregateOperationFieldMetadataId", "createdAt", "updatedAt", "deletedAt") VALUES
('1621f58f-ab93-4375-837f-c60a52ecfc44', 'By Stage', '470aa675-3a49-4f21-a72e-01716aed8003', 'kanban', NULL, 'IconLayoutKanban', '684fe2c0-461f-445f-bbb7-1730bd569775', 2, 'f', 'MIN', 'f6809ec4-acc3-4dd8-a09a-590aec3abe44', '2025-02-11 12:25:50.931269+00', '2025-02-11 12:25:50.931269+00', NULL),
('16ad6809-de21-4933-adab-f87cbeb4208c', 'All Properties', '00f7e3d8-4f11-48dc-a73f-759685a29095', 'table', 'INDEX', 'IconHome', '', 0, 'f', 'COUNT', NULL, '2025-02-11 12:42:38.599005+00', '2025-02-11 12:42:38.599005+00', NULL),
('22c37839-6e39-40b7-9608-1839b214c7e3', 'All Buyer Leads', '881d73fb-82d9-41e7-8871-5a8b7f4aaeb0', 'table', 'INDEX', 'IconUserDollar', '', 0, 'f', 'COUNT', NULL, '2025-02-11 16:08:43.314917+00', '2025-02-11 16:08:43.314917+00', NULL),
('27c13233-4aa2-4eaa-9658-ad10e5e083a5', 'All Notes', '96d1ff1e-9587-487a-8f81-07db8d6d8419', 'table', 'INDEX', 'IconNotes', '', 0, 'f', 'COUNT', NULL, '2025-02-11 12:25:50.931269+00', '2025-02-11 12:25:50.931269+00', NULL),
('34868c98-a082-47c1-9465-3faae1db7fd0', 'All', '470aa675-3a49-4f21-a72e-01716aed8003', 'table', 'INDEX', 'IconList', '', 0, 'f', 'COUNT', NULL, '2025-02-11 12:25:50.931269+00', '2025-02-11 12:25:50.931269+00', NULL),
('3ec4b2ad-dd74-4464-8743-f7dba3a12e55', 'All Workflow Versions', '9d2261d5-2903-4967-aa30-bd64d8e0175d', 'table', 'INDEX', 'IconVersions', '', 0, 'f', 'COUNT', NULL, '2025-02-11 12:25:50.931269+00', '2025-02-11 12:25:50.931269+00', NULL),
('4414a333-4921-4641-bae0-d5e651ed3a36', 'Selling Stage ', '00f7e3d8-4f11-48dc-a73f-759685a29095', 'kanban', NULL, 'IconTable', 'fb3cf368-e086-4976-acc2-f92f2df80fdf', -3, 'f', 'COUNT', NULL, '2025-02-11 16:36:33.259151+00', '2025-02-11 16:38:45.32605+00', '2025-02-11 16:38:45.32605+00'),
('568062b0-e2ac-4561-86b4-cf8460198850', 'All Agencies', '0d2a2915-804d-46ec-a09a-2b9aefcbf22c', 'table', 'INDEX', 'IconBuilding', '', 0, 'f', 'COUNT', NULL, '2025-02-11 14:32:23.95447+00', '2025-02-11 14:32:23.95447+00', NULL),
('78a5f25e-5596-413a-9d38-387d940efb3f', 'All Workflow Runs', 'c05d7631-7806-416d-b1da-5eead1a65eac', 'table', 'INDEX', 'IconHistory', '', 0, 'f', 'COUNT', NULL, '2025-02-11 12:25:50.931269+00', '2025-02-11 12:25:50.931269+00', NULL),
('864eb272-6a42-4446-8b8f-7aa8420491d4', 'Selling Stage', '00f7e3d8-4f11-48dc-a73f-759685a29095', 'kanban', NULL, 'IconTable', 'fb3cf368-e086-4976-acc2-f92f2df80fdf', -2, 'f', 'COUNT', NULL, '2025-02-11 16:34:30.445207+00', '2025-02-11 16:36:11.246317+00', '2025-02-11 16:36:11.246317+00'),
('878aea20-fe3d-4483-a6a7-8042aec8692a', 'All Workflows', 'a034c942-a508-4a37-a9a2-8b04738de61d', 'table', 'INDEX', 'IconSettingsAutomation', '', 0, 'f', 'COUNT', NULL, '2025-02-11 12:25:50.931269+00', '2025-02-11 12:25:50.931269+00', NULL),
('93289536-0b57-450c-903c-b8af5460e832', 'All', 'd9c99996-97b4-4454-9655-5dd0fca8c53e', 'table', 'INDEX', 'IconList', '', 0, 'f', 'COUNT', NULL, '2025-02-11 12:25:50.931269+00', '2025-02-11 12:25:50.931269+00', NULL),
('a6a50dbd-4153-428c-a171-ce725564d9e7', 'By status', '579c110d-9508-4124-adca-ff7601eafbf2', 'kanban', NULL, 'IconLayoutKanban', 'fba56ff9-1740-4967-aa07-834bd19838b3', 0, 'f', 'COUNT', NULL, '2025-02-11 12:25:50.931269+00', '2025-02-11 12:25:50.931269+00', NULL),
('bc17ce37-df80-449a-ad1e-2e2f96c2b336', 'All', 'dc419850-dfba-40e6-8aa6-39faf44aae6e', 'table', 'INDEX', 'IconList', '', 0, 'f', 'COUNT', NULL, '2025-02-11 12:25:50.931269+00', '2025-02-11 12:25:50.931269+00', NULL),
('e59302d7-3f0f-477a-8aff-d40e46f6477e', 'All Tasks', '579c110d-9508-4124-adca-ff7601eafbf2', 'table', 'INDEX', 'IconCheckbox', '', 0, 'f', 'COUNT', NULL, '2025-02-11 12:25:50.931269+00', '2025-02-11 12:25:50.931269+00', NULL),
('e6a3839b-82cd-449d-9a8b-a48daecc167b', 'All Publications', 'c44fd1b5-6cf3-4fbf-9781-a235842ea64b', 'table', 'INDEX', 'IconHomeShare', '', 0, 'f', 'COUNT', NULL, '2025-02-11 12:42:40.77265+00', '2025-02-11 12:42:40.77265+00', NULL);

INSERT INTO "workspace_cx4n9amsokeimqyix671bckj6"."viewField" ("id", "fieldMetadataId", "isVisible", "size", "position", "aggregateOperation", "createdAt", "updatedAt", "deletedAt", "viewId") VALUES
('01c57828-5aad-4919-94b6-ce7b265022db', '73b8df03-99d0-4c2c-8a18-0bd7cdce2388', 't', 180, 1, NULL, '2025-02-11 16:08:43.324335+00', '2025-02-11 16:08:43.324335+00', NULL, '22c37839-6e39-40b7-9608-1839b214c7e3'),
('0295da3a-874c-41c9-ba94-cd430790e86c', '017c1f6c-c6dd-46ec-a9f3-d5a2bb05aa51', 't', 180, 14, NULL, '2025-02-11 16:36:33.669791+00', '2025-02-11 16:36:33.669791+00', NULL, '4414a333-4921-4641-bae0-d5e651ed3a36'),
('02b4de80-433b-4460-8e0c-4ab9e031d1bc', '3252579b-b542-45a9-87ab-600e702625c6', 't', 180, 33, NULL, '2025-02-11 16:34:31.192492+00', '2025-02-11 16:34:31.192492+00', NULL, '864eb272-6a42-4446-8b8f-7aa8420491d4'),
('02bafc42-5f3d-40dc-bdd9-d63bc53d4a2b', 'dfc36de1-d742-466e-a6b7-99ca686d9519', 't', 150, 9, NULL, '2025-02-11 12:25:50.931269+00', '2025-02-11 12:25:50.931269+00', NULL, 'bc17ce37-df80-449a-ad1e-2e2f96c2b336'),
('0390e1aa-f8b2-438e-ae98-cf939dc115e7', 'b9ac27e1-4ae2-41b5-8e4c-6122320b849e', 't', 180, 36, NULL, '2025-02-11 16:34:31.225966+00', '2025-02-11 16:34:31.225966+00', NULL, '864eb272-6a42-4446-8b8f-7aa8420491d4'),
('050e25b2-d3b6-4983-9d7b-81a9778bcb4b', '08bc997f-0fd8-4ac0-b738-7d3a698ebb6c', 't', 180, 25, NULL, '2025-02-11 16:34:31.116898+00', '2025-02-11 16:34:31.116898+00', NULL, '864eb272-6a42-4446-8b8f-7aa8420491d4'),
('0538e8ec-7b58-4a45-b3a8-e4247267b429', '0147589d-72d2-4fe3-b145-15add4ca1a48', 't', 180, 42, NULL, '2025-02-11 14:29:26.465799+00', '2025-02-11 14:29:26.465799+00', NULL, 'e6a3839b-82cd-449d-9a8b-a48daecc167b'),
('05de1955-754f-4259-8193-624a2327876f', '981d4047-20a0-45fe-b742-3c36f791b422', 't', 150, 4, NULL, '2025-02-11 12:25:50.931269+00', '2025-02-11 12:25:50.931269+00', NULL, '878aea20-fe3d-4483-a6a7-8042aec8692a'),
('05f784dd-3f05-4954-8790-ead766dde091', 'fda6e4a5-476f-466d-ac29-3bc0ff5f37a5', 't', 180, 10, NULL, '2025-02-11 16:36:33.640631+00', '2025-02-11 16:36:33.640631+00', NULL, '4414a333-4921-4641-bae0-d5e651ed3a36'),
('0731631c-dba5-462a-b682-9c869546c6b7', '86828d19-b163-412f-9f30-cf8b34104493', 't', 180, 8, NULL, '2025-02-11 16:34:30.953161+00', '2025-02-11 16:34:30.953161+00', NULL, '864eb272-6a42-4446-8b8f-7aa8420491d4'),
('0753a978-bbb3-4b5e-af27-d7e08fdfcc73', '01baaa04-c5c1-4774-8afd-ba8c6c84fa81', 't', 150, 2, NULL, '2025-02-11 12:25:50.931269+00', '2025-02-11 12:25:50.931269+00', NULL, 'bc17ce37-df80-449a-ad1e-2e2f96c2b336'),
('09a89e60-ddc1-4487-8375-71b90b6b8874', '9b5b2bc4-66c2-4ffe-9434-78b852cab21f', 't', 180, 7, NULL, '2025-02-11 14:39:01.924041+00', '2025-02-11 14:39:01.924041+00', NULL, '568062b0-e2ac-4561-86b4-cf8460198850'),
('0a3bdc52-cff0-4a45-8ead-b1d1a17b6428', '1d923712-4b7a-4d3c-8a04-f47f81bca992', 't', 180, 17, NULL, '2025-02-11 16:36:33.71007+00', '2025-02-11 16:36:33.71007+00', NULL, '4414a333-4921-4641-bae0-d5e651ed3a36'),
('0a62f1a3-1f45-4d99-a69b-48ed2f132d02', '95162c3f-4880-464b-a667-d2dbceb9f2a2', 't', 180, 2, NULL, '2025-02-11 12:42:40.787801+00', '2025-02-11 12:42:40.787801+00', NULL, 'e6a3839b-82cd-449d-9a8b-a48daecc167b'),
('0ad3520f-b6aa-4782-bce7-bf6d5b0996e9', '6c2a8cc3-ddbb-45d6-9add-36975282644a', 't', 180, 2, NULL, '2025-02-11 14:32:23.964426+00', '2025-02-11 14:32:23.964426+00', NULL, '568062b0-e2ac-4561-86b4-cf8460198850'),
('0b297eb6-2014-4d72-b30a-a5232bf0aa9d', '4f8c7572-a977-4937-b994-0fbaed815992', 't', 180, 8, NULL, '2025-02-11 12:57:50.680883+00', '2025-02-11 12:57:50.680883+00', NULL, 'e6a3839b-82cd-449d-9a8b-a48daecc167b'),
('0bdf34ec-74da-46b3-bbd0-08f8f50d4901', '6384cd2f-94f9-4176-abbb-cc40ee1ff1f3', 't', 180, 1, NULL, '2025-02-11 12:42:40.787801+00', '2025-02-11 12:42:40.787801+00', NULL, 'e6a3839b-82cd-449d-9a8b-a48daecc167b'),
('0ced7a75-3b72-4b57-8627-976cfd87ac98', 'c0064078-fe68-4ffe-b340-cd7eca6c9c34', 't', 180, 6, NULL, '2025-02-11 12:47:47.430546+00', '2025-02-11 12:47:47.430546+00', NULL, 'e6a3839b-82cd-449d-9a8b-a48daecc167b'),
('0d106983-1b38-4c6f-8836-d37861de4b02', '1de8714b-0948-4592-b2e6-96cff4709ac4', 't', 150, 1, NULL, '2025-02-11 12:25:50.931269+00', '2025-02-11 12:25:50.931269+00', NULL, '78a5f25e-5596-413a-9d38-387d940efb3f'),
('0d33af27-6841-4e20-aa10-e0a77b1fd231', '279bea8a-a95c-4ebc-ae3e-de2229e00557', 't', 150, 5, 'MAX', '2025-02-11 12:25:50.931269+00', '2025-02-11 12:25:50.931269+00', NULL, '93289536-0b57-450c-903c-b8af5460e832'),
('0d5f2a0c-7591-4bf4-a961-f7ed6b77fe90', '26b7c07b-b4ed-4bb8-beb1-e3341b982d79', 't', 180, 2, NULL, '2025-02-11 16:08:43.324335+00', '2025-02-11 16:08:43.324335+00', NULL, '22c37839-6e39-40b7-9608-1839b214c7e3'),
('0d738e4c-536a-4616-a6ca-b0b53271befa', '1a961a2e-5bae-4347-ab1a-ef6b36dfa2d1', 't', 150, 2, NULL, '2025-02-11 12:25:50.931269+00', '2025-02-11 12:25:50.931269+00', NULL, '93289536-0b57-450c-903c-b8af5460e832'),
('0dc9df37-4ea1-470b-97c8-b1be953eb621', '65d0f9fd-2aab-445d-9f67-43e4d2affa52', 't', 180, 0, NULL, '2025-02-11 12:25:50.931269+00', '2025-02-11 12:25:50.931269+00', NULL, '93289536-0b57-450c-903c-b8af5460e832'),
('0e642506-9bf0-4736-bb8d-ea5c7d73baf8', 'bdba7e85-ad99-4ae4-841f-4b897d8b6379', 't', 150, 6, NULL, '2025-02-11 12:25:50.931269+00', '2025-02-11 12:25:50.931269+00', NULL, 'bc17ce37-df80-449a-ad1e-2e2f96c2b336'),
('0f3e2725-32aa-40d8-910e-fe37ea97ba9c', 'fba56ff9-1740-4967-aa07-834bd19838b3', 't', 150, 2, NULL, '2025-02-11 12:25:50.931269+00', '2025-02-11 12:25:50.931269+00', NULL, 'e59302d7-3f0f-477a-8aff-d40e46f6477e'),
('0ff2d123-2f34-4475-982f-185238c79b37', '9c083817-1843-4fac-b8de-30d787af739c', 't', 180, 21, NULL, '2025-02-11 16:34:31.077448+00', '2025-02-11 16:34:31.077448+00', NULL, '864eb272-6a42-4446-8b8f-7aa8420491d4'),
('10e21456-e457-457e-b7ee-6c8f7a7e0b4e', 'ee51c953-5fdd-4245-bdc1-4ecb4cddda08', 't', 180, 42, NULL, '2025-02-11 14:29:21.714432+00', '2025-02-11 14:29:21.714432+00', NULL, '16ad6809-de21-4933-adab-f87cbeb4208c'),
('12032a5f-6fad-4b0e-89d6-0eb9262a62b0', 'fba56ff9-1740-4967-aa07-834bd19838b3', 't', 150, 2, NULL, '2025-02-11 12:25:50.931269+00', '2025-02-11 12:25:50.931269+00', NULL, 'a6a50dbd-4153-428c-a171-ce725564d9e7'),
('126e316c-2aa4-4dcc-935d-d1158f1143fe', '076c242c-2b43-4f5e-8b7a-1fa5acf86868', 't', 180, 15, NULL, '2025-02-11 16:36:33.683533+00', '2025-02-11 16:36:33.683533+00', NULL, '4414a333-4921-4641-bae0-d5e651ed3a36'),
('12b83ed4-ed47-4bde-91e5-b3ea92304dba', '4693c9c9-91d3-4a5a-94ca-97e9f7391b35', 't', 180, 0, NULL, '2025-02-11 12:42:40.787801+00', '2025-02-11 12:42:40.787801+00', NULL, 'e6a3839b-82cd-449d-9a8b-a48daecc167b'),
('140dafaf-7689-44df-8208-dbfc926ff909', 'a122b79b-5116-430c-872a-8b90235c4c30', 't', 150, 4, NULL, '2025-02-11 12:25:50.931269+00', '2025-02-11 12:25:50.931269+00', NULL, '1621f58f-ab93-4375-837f-c60a52ecfc44'),
('169845f9-d8c5-48cc-b2ff-c2242a3b5cbe', '3c8aff33-6236-4eb4-b526-ff3d132042cc', 't', 180, 28, NULL, '2025-02-11 16:36:33.796267+00', '2025-02-11 16:36:33.796267+00', NULL, '4414a333-4921-4641-bae0-d5e651ed3a36'),
('16e45bbc-9fa8-4400-b975-4cf5a33363d1', '7626ac04-6cd4-4663-a666-b69a4baefd8b', 't', 180, 6, NULL, '2025-02-11 12:47:51.275805+00', '2025-02-11 12:47:51.275805+00', NULL, '16ad6809-de21-4933-adab-f87cbeb4208c'),
('17413923-907e-4fae-9d6e-b97db8f5f939', '80bf154b-5926-485a-bc6e-adfc838f0b53', 't', 180, 26, NULL, '2025-02-11 13:27:09.876207+00', '2025-02-11 13:27:09.876207+00', NULL, 'e6a3839b-82cd-449d-9a8b-a48daecc167b'),
('17b12e84-87d6-4327-b0f9-b3a7709fbf91', '00e56c7f-918d-40bb-b158-6302de373cbe', 't', 180, 19, NULL, '2025-02-11 13:14:22.649245+00', '2025-02-11 13:14:22.649245+00', NULL, '16ad6809-de21-4933-adab-f87cbeb4208c'),
('18717fb3-27cf-4df5-84aa-cd89ac1f3699', '9c083817-1843-4fac-b8de-30d787af739c', 't', 180, 21, NULL, '2025-02-11 13:19:48.072648+00', '2025-02-11 13:19:48.072648+00', NULL, '16ad6809-de21-4933-adab-f87cbeb4208c'),
('188d364c-0b10-44d6-9a0a-33511b56103d', 'fda6e4a5-476f-466d-ac29-3bc0ff5f37a5', 't', 180, 10, NULL, '2025-02-11 13:00:20.818978+00', '2025-02-11 13:00:20.818978+00', NULL, '16ad6809-de21-4933-adab-f87cbeb4208c'),
('1dfed1ff-4016-4131-bb63-4c479478e513', '076c242c-2b43-4f5e-8b7a-1fa5acf86868', 't', 180, 15, NULL, '2025-02-11 16:34:31.023817+00', '2025-02-11 16:34:31.023817+00', NULL, '864eb272-6a42-4446-8b8f-7aa8420491d4'),
('1e371266-663c-432e-acc0-13ab95798e5c', 'd8653104-09cf-4866-8946-aaacc3de800d', 't', 100, 1, 'COUNT', '2025-02-11 12:25:50.931269+00', '2025-02-11 12:25:50.931269+00', NULL, '93289536-0b57-450c-903c-b8af5460e832'),
('1eb6a19d-4844-4374-bee8-52a86267908f', '78130c73-62b0-483c-99c6-c41a514a6e50', 't', 150, 2, NULL, '2025-02-11 12:25:50.931269+00', '2025-02-11 12:25:50.931269+00', NULL, '27c13233-4aa2-4eaa-9658-ad10e5e083a5'),
('1f4ccc75-cad1-49c0-9e91-03c63675c383', '4b635abb-c7f8-4365-8fcd-cbf27536c700', 't', 180, 16, NULL, '2025-02-11 16:34:31.033934+00', '2025-02-11 16:34:31.033934+00', NULL, '864eb272-6a42-4446-8b8f-7aa8420491d4'),
('20903d14-f03a-47d3-8e89-38515f41db63', '1fb83757-4037-440b-8c7e-4fd425c14406', 't', 180, 0, NULL, '2025-02-11 16:08:43.324335+00', '2025-02-11 16:08:43.324335+00', NULL, '22c37839-6e39-40b7-9608-1839b214c7e3'),
('20ec34a5-7f6f-4a13-9a63-691a7527f633', 'ff390061-7d1b-48c8-94f1-c144ac58419f', 't', 150, 3, NULL, '2025-02-11 12:25:50.931269+00', '2025-02-11 12:25:50.931269+00', NULL, '93289536-0b57-450c-903c-b8af5460e832'),
('212bdfd9-c4c6-4947-8b49-db7a42f424fa', 'ee51c953-5fdd-4245-bdc1-4ecb4cddda08', 't', 180, 42, NULL, '2025-02-11 16:36:33.892808+00', '2025-02-11 16:36:33.892808+00', NULL, '4414a333-4921-4641-bae0-d5e651ed3a36'),
('227e314d-09e2-4c77-801e-89e93711763a', '6f2a3f0b-8696-4916-8b92-01494090d49c', 't', 180, 1, NULL, '2025-02-11 16:34:30.842765+00', '2025-02-11 16:34:30.842765+00', NULL, '864eb272-6a42-4446-8b8f-7aa8420491d4'),
('22ae4513-b91a-4abf-908c-1ae8ae568649', 'cf2a5c66-367e-4cc6-8528-2042ff84fa1e', 't', 150, 4, NULL, '2025-02-11 12:25:50.931269+00', '2025-02-11 12:25:50.931269+00', NULL, 'a6a50dbd-4153-428c-a171-ce725564d9e7'),
('22d73348-9b35-4b29-9284-ecaffbf135e9', '28f8b29e-f5d6-4c29-b9ca-c5000dbcdf64', 't', 180, 18, NULL, '2025-02-11 16:34:31.059634+00', '2025-02-11 16:34:31.059634+00', NULL, '864eb272-6a42-4446-8b8f-7aa8420491d4'),
('22e0c2de-fc05-45bf-9c5c-fb9a6bb463af', '212e67ac-6b5d-4d21-a33e-0e9f2c9069bd', 't', 150, 3, NULL, '2025-02-11 12:25:50.931269+00', '2025-02-11 12:25:50.931269+00', NULL, '878aea20-fe3d-4483-a6a7-8042aec8692a'),
('23780ba5-5e68-4655-8a24-158006e2fdb7', 'bf6208b3-5062-4d11-9870-ea505081cabd', 't', 210, 0, NULL, '2025-02-11 12:25:50.931269+00', '2025-02-11 12:25:50.931269+00', NULL, 'e59302d7-3f0f-477a-8aff-d40e46f6477e'),
('241872b7-097c-4b11-b2b7-5c03289902f4', 'e0a86a9a-05b7-4f69-813f-7c5a56088412', 't', 180, 4, NULL, '2025-02-11 14:32:23.964426+00', '2025-02-11 14:32:23.964426+00', NULL, '568062b0-e2ac-4561-86b4-cf8460198850'),
('250be4f4-1a51-4966-97f6-ed43381cb1a6', 'bc21085b-e616-4f05-b7ce-f3fbb4a5990b', 't', 180, 26, NULL, '2025-02-11 16:36:33.771771+00', '2025-02-11 16:36:33.771771+00', NULL, '4414a333-4921-4641-bae0-d5e651ed3a36'),
('2762c88f-8fae-42ec-bc3c-d2c20c9c38d9', 'bf1f7422-6b0a-4558-9ad3-443c1c57094b', 't', 180, 4, NULL, '2025-02-11 12:42:38.610651+00', '2025-02-11 12:42:38.610651+00', NULL, '16ad6809-de21-4933-adab-f87cbeb4208c'),
('29078a74-71cb-4ed9-b01b-0d00be509591', '5cd20bc1-0e58-40e2-a984-da5d68de9792', 't', 150, 5, 'MIN', '2025-02-11 12:25:50.931269+00', '2025-02-11 12:25:50.931269+00', NULL, 'bc17ce37-df80-449a-ad1e-2e2f96c2b336'),
('2cfb9a37-3220-48ee-aa17-28f45210974a', 'dc7ac643-1fa2-400c-8422-da75d9590ab1', 't', 150, 6, NULL, '2025-02-11 12:25:50.931269+00', '2025-02-11 12:25:50.931269+00', NULL, 'a6a50dbd-4153-428c-a171-ce725564d9e7'),
('2e16359b-0a6c-477e-b914-a5ff5c4e32de', 'fb3cf368-e086-4976-acc2-f92f2df80fdf', 't', 180, 44, NULL, '2025-02-11 16:33:20.362618+00', '2025-02-11 16:33:20.362618+00', NULL, '16ad6809-de21-4933-adab-f87cbeb4208c'),
('2ee60ff0-cd57-4e96-a719-b293ed1a83d8', 'f4b17c9f-bed2-424f-9aec-9a947b9427b5', 't', 180, 33, NULL, '2025-02-11 14:11:48.059352+00', '2025-02-11 14:11:48.059352+00', NULL, 'e6a3839b-82cd-449d-9a8b-a48daecc167b'),
('30f7b045-6cd0-4ad7-9f56-f5e01465be60', '875047ef-31db-40d5-85f1-b13141973b4f', 't', 180, 24, NULL, '2025-02-11 13:25:40.286058+00', '2025-02-11 13:25:40.286058+00', NULL, '16ad6809-de21-4933-adab-f87cbeb4208c'),
('3245853c-2933-47a9-bcda-d226575367fe', 'd9bbbc72-a3a6-4b95-bb06-438d27a1805d', 't', 180, 31, NULL, '2025-02-11 16:36:33.812092+00', '2025-02-11 16:36:33.812092+00', NULL, '4414a333-4921-4641-bae0-d5e651ed3a36'),
('328db612-7b3b-4a50-8e33-6f8f63a656f9', '3fef8d27-1626-44e9-b702-3d35e919accf', 't', 180, 40, NULL, '2025-02-11 14:26:16.03032+00', '2025-02-11 14:26:16.03032+00', NULL, 'e6a3839b-82cd-449d-9a8b-a48daecc167b'),
('339fb291-440c-479f-a483-e053f36e85db', 'cbf05b7e-e957-4b9a-bea4-3623ed48be8d', 't', 180, 38, NULL, '2025-02-11 16:36:33.853637+00', '2025-02-11 16:36:33.853637+00', NULL, '4414a333-4921-4641-bae0-d5e651ed3a36'),
('33ea9c84-4cc4-4e28-938f-c17279f646ce', '24f2f49f-16b7-4e2e-a8c9-f9d1205e76ba', 't', 180, 4, NULL, '2025-02-11 16:08:43.324335+00', '2025-02-11 16:08:43.324335+00', NULL, '22c37839-6e39-40b7-9608-1839b214c7e3'),
('3622e771-887b-4dd0-bba7-7b48abbda048', '339a63ec-ac13-41b1-8c81-2be30f145163', 't', 180, 9, NULL, '2025-02-11 12:59:18.870201+00', '2025-02-11 12:59:18.870201+00', NULL, 'e6a3839b-82cd-449d-9a8b-a48daecc167b'),
('37185723-1b95-4d63-9c53-b32a0e758494', '7a158dd6-8390-4c28-80ef-b6ce3a632c64', 't', 150, 7, NULL, '2025-02-11 12:25:50.931269+00', '2025-02-11 12:25:50.931269+00', NULL, 'e59302d7-3f0f-477a-8aff-d40e46f6477e'),
('37952fbd-9c84-4960-b3c4-a3a3d8706d2f', '3fe96c2a-4ae5-4219-9e24-53c60c0a1668', 't', 180, 5, NULL, '2025-02-11 14:33:11.854839+00', '2025-02-11 14:33:11.854839+00', NULL, '568062b0-e2ac-4561-86b4-cf8460198850'),
('3883c5e1-50fc-40e7-a112-0a6824151b02', 'b9ac27e1-4ae2-41b5-8e4c-6122320b849e', 't', 180, 36, NULL, '2025-02-11 16:36:33.87745+00', '2025-02-11 16:36:33.87745+00', NULL, '4414a333-4921-4641-bae0-d5e651ed3a36'),
('38d455ad-ea69-4d0a-b0d2-ba1b387aa768', '017c1f6c-c6dd-46ec-a9f3-d5a2bb05aa51', 't', 180, 14, NULL, '2025-02-11 16:34:31.013378+00', '2025-02-11 16:34:31.013378+00', NULL, '864eb272-6a42-4446-8b8f-7aa8420491d4'),
('3a5ec65d-3e06-49e1-9c93-a5bafb284fa3', '4b635abb-c7f8-4365-8fcd-cbf27536c700', 't', 180, 16, NULL, '2025-02-11 13:10:51.603108+00', '2025-02-11 13:10:51.603108+00', NULL, '16ad6809-de21-4933-adab-f87cbeb4208c'),
('3ba5e81d-beca-471a-b5ed-d5aaa74d17f1', 'c8ed3c27-0459-4b27-a60e-166222151de5', 't', 180, 30, NULL, '2025-02-11 13:34:26.337893+00', '2025-02-11 13:34:26.337893+00', NULL, 'e6a3839b-82cd-449d-9a8b-a48daecc167b'),
('3bda384f-c690-46ee-8127-cb417ebea40f', 'c0d02062-a0a3-4054-8801-5b0b7cd9f059', 't', 180, 13, NULL, '2025-02-11 16:36:33.665526+00', '2025-02-11 16:36:33.665526+00', NULL, '4414a333-4921-4641-bae0-d5e651ed3a36'),
('3c6dc56e-172d-4dab-88f7-eab6c79d7975', 'ab3b3c11-89cb-4317-bb2e-c1391cd48c8d', 't', 150, 2, NULL, '2025-02-11 12:25:50.931269+00', '2025-02-11 12:25:50.931269+00', NULL, '878aea20-fe3d-4483-a6a7-8042aec8692a'),
('3d1b9590-1fd4-4e9b-99cc-3cdf51d4e38f', 'dea586aa-1c4a-40cd-9147-eb6e4d3d8f20', 't', 150, 3, 'MIN', '2025-02-11 12:25:50.931269+00', '2025-02-11 12:25:50.931269+00', NULL, '34868c98-a082-47c1-9465-3faae1db7fd0'),
('3df78501-e67b-47c2-a8b2-579f6b0c821d', 'c0c85030-792a-466c-a481-9a6c9a51c351', 't', 180, 41, NULL, '2025-02-11 16:34:31.273724+00', '2025-02-11 16:34:31.273724+00', NULL, '864eb272-6a42-4446-8b8f-7aa8420491d4'),
('3fc073a7-958e-430c-afa1-00e08ff81d27', 'af953691-7da3-424a-adcd-0d25868f1eda', 't', 180, 20, NULL, '2025-02-11 13:18:00.560484+00', '2025-02-11 13:18:00.560484+00', NULL, 'e6a3839b-82cd-449d-9a8b-a48daecc167b'),
('3ffd8ee4-2361-48f7-86d0-867dd9ad192f', '6f2a3f0b-8696-4916-8b92-01494090d49c', 't', 180, 1, NULL, '2025-02-11 16:36:33.588824+00', '2025-02-11 16:36:33.588824+00', NULL, '4414a333-4921-4641-bae0-d5e651ed3a36'),
('42dcb31f-52fb-485e-8abb-f70cc164d675', '2bf577dc-5e74-403d-9a61-20d9d3aa4d95', 't', 150, 3, NULL, '2025-02-11 12:25:50.931269+00', '2025-02-11 12:25:50.931269+00', NULL, 'e59302d7-3f0f-477a-8aff-d40e46f6477e'),
('435feca2-e54d-4aea-82bc-41c104f3719a', '5256293b-76b2-41cc-a80e-9732ca3a0c6e', 't', 150, 7, NULL, '2025-02-11 12:25:50.931269+00', '2025-02-11 12:25:50.931269+00', NULL, 'bc17ce37-df80-449a-ad1e-2e2f96c2b336'),
('437c165b-720e-415c-a6d1-ee063bb872f1', 'b9ac27e1-4ae2-41b5-8e4c-6122320b849e', 't', 180, 36, NULL, '2025-02-11 14:16:29.226713+00', '2025-02-11 14:16:29.226713+00', NULL, '16ad6809-de21-4933-adab-f87cbeb4208c'),
('43d21fea-0317-40c5-9cc1-adfb549edfc3', 'f01a59f4-3de3-4a27-86dc-73679ab3bb1f', 't', 180, 0, NULL, '2025-02-11 16:36:33.54178+00', '2025-02-11 16:36:33.54178+00', NULL, '4414a333-4921-4641-bae0-d5e651ed3a36'),
('44a62cc3-2f2a-456c-88bf-454115fa6461', '3c8aff33-6236-4eb4-b526-ff3d132042cc', 't', 180, 28, NULL, '2025-02-11 13:31:29.747457+00', '2025-02-11 13:31:29.747457+00', NULL, '16ad6809-de21-4933-adab-f87cbeb4208c'),
('465425f2-ff8d-4fbf-95ac-e6ac6c1c4040', 'e02c7395-6ce4-4ed0-a646-8ac7336a8cd8', 't', 180, 43, NULL, '2025-02-11 15:27:44.352635+00', '2025-02-11 15:27:44.352635+00', NULL, '16ad6809-de21-4933-adab-f87cbeb4208c'),
('4670a33e-0634-41de-86f6-f62fc1d34f36', '9da29201-3f99-4dab-9f5f-4dd1745d9953', 't', 150, 3, NULL, '2025-02-11 12:25:50.931269+00', '2025-02-11 12:25:50.931269+00', NULL, '78a5f25e-5596-413a-9d38-387d940efb3f'),
('475d1e95-db89-4e7d-aac2-fd07b248a6fa', 'b7a42d90-a1b9-4d02-860f-7d863482300a', 't', 150, 4, NULL, '2025-02-11 12:25:50.931269+00', '2025-02-11 12:25:50.931269+00', NULL, '78a5f25e-5596-413a-9d38-387d940efb3f'),
('485d46ee-4423-4625-811d-da0f34b81115', 'dc7ac643-1fa2-400c-8422-da75d9590ab1', 't', 150, 8, NULL, '2025-02-11 12:25:50.931269+00', '2025-02-11 12:25:50.931269+00', NULL, 'e59302d7-3f0f-477a-8aff-d40e46f6477e'),
('48c56cbd-8692-44b6-8e0f-e1f923120d53', '0564ef0a-b12c-4583-961b-05a101f1d34a', 't', 210, 0, NULL, '2025-02-11 12:25:50.931269+00', '2025-02-11 12:25:50.931269+00', NULL, '27c13233-4aa2-4eaa-9658-ad10e5e083a5'),
('4bc5b982-87a2-4c73-9866-9fcedce2571e', '0d18bb72-097b-4450-a87c-6ae0a25611a0', 't', 180, 27, NULL, '2025-02-11 13:27:34.793734+00', '2025-02-11 13:27:34.793734+00', NULL, 'e6a3839b-82cd-449d-9a8b-a48daecc167b'),
('4e30844d-6dd0-4a02-aeec-5d46f90f64c6', '28f8b29e-f5d6-4c29-b9ca-c5000dbcdf64', 't', 180, 18, NULL, '2025-02-11 13:12:49.940933+00', '2025-02-11 13:12:49.940933+00', NULL, '16ad6809-de21-4933-adab-f87cbeb4208c'),
('4e7c7381-2abe-410f-9d9a-30f3f2331f45', 'bf6208b3-5062-4d11-9870-ea505081cabd', 't', 210, 0, NULL, '2025-02-11 12:25:50.931269+00', '2025-02-11 12:25:50.931269+00', NULL, 'a6a50dbd-4153-428c-a171-ce725564d9e7'),
('4f5cd56c-529e-4a39-a909-656a95a177aa', '7626ac04-6cd4-4663-a666-b69a4baefd8b', 't', 180, 6, NULL, '2025-02-11 16:36:33.57329+00', '2025-02-11 16:36:33.57329+00', NULL, '4414a333-4921-4641-bae0-d5e651ed3a36'),
('4f75747e-008a-447f-9cc7-9329efa4a4e2', '9e1814c0-2e03-41bf-93a1-047d7d549baf', 't', 180, 37, NULL, '2025-02-11 14:17:32.302533+00', '2025-02-11 14:17:32.302533+00', NULL, 'e6a3839b-82cd-449d-9a8b-a48daecc167b'),
('5027c7ec-0738-4a53-bc0e-853f147572ee', '076c242c-2b43-4f5e-8b7a-1fa5acf86868', 't', 180, 15, NULL, '2025-02-11 13:10:09.327688+00', '2025-02-11 13:10:09.327688+00', NULL, '16ad6809-de21-4933-adab-f87cbeb4208c'),
('5059dbf7-4f97-49fb-91ea-491eb89a3b14', '01984329-ec35-4d79-bf6b-da0f286b42d6', 't', 180, 34, NULL, '2025-02-11 14:15:07.949763+00', '2025-02-11 14:15:07.949763+00', NULL, '16ad6809-de21-4933-adab-f87cbeb4208c'),
('530d4d93-034b-4af3-b925-4e1ebea45685', '4fd4832d-78ee-463a-8fdb-71f5abb3468b', 't', 180, 19, NULL, '2025-02-11 13:14:30.60674+00', '2025-02-11 13:14:30.60674+00', NULL, 'e6a3839b-82cd-449d-9a8b-a48daecc167b'),
('535ce3b3-697e-4b88-8966-3c69f7361ace', '9005b664-e7ff-43f1-8bed-9ab11f8d8f19', 't', 180, 11, NULL, '2025-02-11 16:34:30.99722+00', '2025-02-11 16:34:30.99722+00', NULL, '864eb272-6a42-4446-8b8f-7aa8420491d4'),
('539000a5-71c3-44bf-850d-65f3a2c6838c', '730954d6-8288-4076-9629-bee6f6278980', 't', 180, 23, NULL, '2025-02-11 13:21:23.505261+00', '2025-02-11 13:21:23.505261+00', NULL, '16ad6809-de21-4933-adab-f87cbeb4208c'),
('53e663bc-43bb-4122-bc8f-1379002fdd21', '6ccb03a7-7b5e-4b6d-b6bd-f023cb084d30', 't', 150, 5, NULL, '2025-02-11 12:25:50.931269+00', '2025-02-11 12:25:50.931269+00', NULL, '1621f58f-ab93-4375-837f-c60a52ecfc44'),
('567c75fc-f7b9-4b60-91e5-7bd847ef7580', '456d03e6-0a50-4316-83e0-0a0da64ee439', 't', 180, 9, NULL, '2025-02-11 16:36:33.635436+00', '2025-02-11 16:36:33.635436+00', NULL, '4414a333-4921-4641-bae0-d5e651ed3a36'),
('577c2946-c325-4afb-82f7-f556c991d5c9', 'c0d02062-a0a3-4054-8801-5b0b7cd9f059', 't', 180, 13, NULL, '2025-02-11 13:07:51.844982+00', '2025-02-11 13:07:51.844982+00', NULL, '16ad6809-de21-4933-adab-f87cbeb4208c'),
('5847c591-9690-4d43-916d-91e098f6ad9c', '56d99638-60d0-4853-affa-45ef344c7998', 't', 180, 41, NULL, '2025-02-11 14:27:22.539341+00', '2025-02-11 14:27:22.539341+00', NULL, 'e6a3839b-82cd-449d-9a8b-a48daecc167b'),
('585f0317-c590-4737-a999-8fc6a67bfcb0', 'f28a2bdc-501b-432e-bf7c-c5c693ff9cb9', 't', 180, 0, NULL, '2025-02-11 14:32:23.964426+00', '2025-02-11 14:32:23.964426+00', NULL, '568062b0-e2ac-4561-86b4-cf8460198850'),
('58ce7b5c-1b63-4eab-8ace-26bd507f568f', '9c3f2285-b916-451d-baf1-509d2ca4b33c', 't', 210, 0, NULL, '2025-02-11 12:25:50.931269+00', '2025-02-11 12:25:50.931269+00', NULL, 'bc17ce37-df80-449a-ad1e-2e2f96c2b336'),
('5b5f5df1-5d0b-452d-9e7f-cbfb9e122ea8', '11b2b928-107a-4001-ad02-dfc77ae10420', 't', 150, 1, NULL, '2025-02-11 12:25:50.931269+00', '2025-02-11 12:25:50.931269+00', NULL, '27c13233-4aa2-4eaa-9658-ad10e5e083a5'),
('5b624eb3-676c-41ef-a6a1-698535930c69', '2ceb9421-32c8-4368-9e1b-ef85b74ba13c', 't', 180, 30, NULL, '2025-02-11 13:34:21.396708+00', '2025-02-11 13:34:21.396708+00', NULL, '16ad6809-de21-4933-adab-f87cbeb4208c'),
('5f2c2a2e-6079-4b80-bf72-1132bbb6c676', '348e1656-e82b-4edf-a8f9-2d189bef6709', 't', 180, 24, NULL, '2025-02-11 13:25:43.560223+00', '2025-02-11 13:25:43.560223+00', NULL, 'e6a3839b-82cd-449d-9a8b-a48daecc167b'),
('5fb648d4-e7bc-49c8-925f-1566ebb963ce', '9c8e6c43-0f5e-4bad-906a-5df1f56b378d', 't', 180, 5, NULL, '2025-02-11 12:46:31.30759+00', '2025-02-11 12:46:31.30759+00', NULL, '16ad6809-de21-4933-adab-f87cbeb4208c'),
('610ff64c-6d0a-4e5f-8901-bbd0e2df3730', '699a26c1-2363-4528-8a21-b2d6eeece947', 't', 150, 8, NULL, '2025-02-11 12:25:50.931269+00', '2025-02-11 12:25:50.931269+00', NULL, 'bc17ce37-df80-449a-ad1e-2e2f96c2b336'),
('616b0259-0f4a-4ed0-b2ac-07f4277951a9', 'e9d814d5-8310-48bf-8508-0f05e83ba510', 't', 180, 14, NULL, '2025-02-11 13:09:10.111818+00', '2025-02-11 13:09:10.111818+00', NULL, 'e6a3839b-82cd-449d-9a8b-a48daecc167b'),
('62bdb5a9-fd4d-4a4c-aab3-d2e09153324e', 'b483c7b9-5ef2-4165-b0a8-9c3e2a7461ba', 't', 180, 22, NULL, '2025-02-11 13:21:09.199338+00', '2025-02-11 13:21:09.199338+00', NULL, 'e6a3839b-82cd-449d-9a8b-a48daecc167b'),
('663b5e49-973a-4944-a7d0-89cd454ac407', '4e5c354e-07b3-4421-991f-7afddd7964f4', 't', 180, 3, NULL, '2025-02-11 16:08:43.324335+00', '2025-02-11 16:08:43.324335+00', NULL, '22c37839-6e39-40b7-9608-1839b214c7e3'),
('674dfac2-334d-4aa7-9287-6a86b5b8f06c', '9c8e6c43-0f5e-4bad-906a-5df1f56b378d', 't', 180, 5, NULL, '2025-02-11 16:36:33.589213+00', '2025-02-11 16:36:33.589213+00', NULL, '4414a333-4921-4641-bae0-d5e651ed3a36'),
('67fef4dc-4b7c-4e4b-93ed-f1c7aecc8192', '21cb20a1-eb71-4c7f-acb0-6a437c7f00d9', 't', 180, 27, NULL, '2025-02-11 16:34:31.137116+00', '2025-02-11 16:34:31.137116+00', NULL, '864eb272-6a42-4446-8b8f-7aa8420491d4'),
('690b297a-1da9-4699-97ae-a249b77f7c81', 'b2d41dd4-7aba-45bf-9146-48916c04b432', 't', 180, 29, NULL, '2025-02-11 13:32:31.870078+00', '2025-02-11 13:32:31.870078+00', NULL, '16ad6809-de21-4933-adab-f87cbeb4208c'),
('6bfa4f18-b23c-489a-befd-b9759977a86a', '56f02ba7-e9d4-4e36-b737-cb0eab8f89e8', 't', 180, 28, NULL, '2025-02-11 13:30:36.747019+00', '2025-02-11 13:30:36.747019+00', NULL, 'e6a3839b-82cd-449d-9a8b-a48daecc167b'),
('6c30053e-3a7c-4b66-bb43-9d16ce5bbe7d', 'dea586aa-1c4a-40cd-9147-eb6e4d3d8f20', 't', 150, 3, NULL, '2025-02-11 12:25:50.931269+00', '2025-02-11 12:25:50.931269+00', NULL, '1621f58f-ab93-4375-837f-c60a52ecfc44'),
('6c933e3c-88e4-4677-9726-d930d086b79d', 'a76051be-7f5e-4cf2-9d19-3e9378d1703b', 't', 150, 5, NULL, '2025-02-11 12:25:50.931269+00', '2025-02-11 12:25:50.931269+00', NULL, '878aea20-fe3d-4483-a6a7-8042aec8692a'),
('6cf1d25e-b4d9-4cb8-9cf1-b55138b1b8d1', '4753acdb-14b1-4b96-be06-5b82d53f62b6', 't', 180, 2, NULL, '2025-02-11 16:34:30.900699+00', '2025-02-11 16:34:30.900699+00', NULL, '864eb272-6a42-4446-8b8f-7aa8420491d4'),
('6d470e14-5787-4f5a-b8fd-2681975ee0bc', '08bc997f-0fd8-4ac0-b738-7d3a698ebb6c', 't', 180, 25, NULL, '2025-02-11 16:36:33.760338+00', '2025-02-11 16:36:33.760338+00', NULL, '4414a333-4921-4641-bae0-d5e651ed3a36'),
('6dab7498-8fc7-4b88-aeda-7dd2bdcdb17f', '3c8aff33-6236-4eb4-b526-ff3d132042cc', 't', 180, 28, NULL, '2025-02-11 16:34:31.141288+00', '2025-02-11 16:34:31.141288+00', NULL, '864eb272-6a42-4446-8b8f-7aa8420491d4'),
('6e651b0e-6710-4843-9fa6-91eaf857e920', 'd3335668-af31-4ad0-bdb6-12678f5d4dff', 't', 180, 23, NULL, '2025-02-11 13:23:14.565729+00', '2025-02-11 13:23:14.565729+00', NULL, 'e6a3839b-82cd-449d-9a8b-a48daecc167b'),
('6f2e52fe-ef67-401a-960a-6861ced79af6', 'a06e3d78-aa15-47a9-bf7e-39b164ac805f', 't', 180, 12, NULL, '2025-02-11 16:36:33.671678+00', '2025-02-11 16:36:33.671678+00', NULL, '4414a333-4921-4641-bae0-d5e651ed3a36'),
('74a73fda-bc7c-4362-86f3-3668e8e8fff0', '07377da9-d3e3-4998-99cb-eeaaebea88f0', 't', 150, 2, NULL, '2025-02-11 12:25:50.931269+00', '2025-02-11 12:25:50.931269+00', NULL, '78a5f25e-5596-413a-9d38-387d940efb3f'),
('753083f8-b7ef-4cef-9e49-4b97808c93b7', '1d923712-4b7a-4d3c-8a04-f47f81bca992', 't', 180, 17, NULL, '2025-02-11 16:34:31.059109+00', '2025-02-11 16:34:31.059109+00', NULL, '864eb272-6a42-4446-8b8f-7aa8420491d4'),
('7769f8b0-55fb-4bf7-8fb7-877bf553c19d', 'fb3cf368-e086-4976-acc2-f92f2df80fdf', 't', 180, 44, NULL, '2025-02-11 16:34:31.29087+00', '2025-02-11 16:34:31.29087+00', NULL, '864eb272-6a42-4446-8b8f-7aa8420491d4'),
('7919e46c-227c-47d1-baf9-cb2899ac57cb', '9c8e6c43-0f5e-4bad-906a-5df1f56b378d', 't', 180, 5, NULL, '2025-02-11 16:34:30.936211+00', '2025-02-11 16:34:30.936211+00', NULL, '864eb272-6a42-4446-8b8f-7aa8420491d4'),
('79693664-d862-4f8e-8aa7-2575a2f84bd9', '6ccb03a7-7b5e-4b6d-b6bd-f023cb084d30', 't', 150, 5, NULL, '2025-02-11 12:25:50.931269+00', '2025-02-11 12:25:50.931269+00', NULL, '34868c98-a082-47c1-9465-3faae1db7fd0'),
('79d4529d-18a3-4a5b-9cb9-6c747bd31e03', '4f34610d-2955-4d03-a71d-f45386ac3f2e', 't', 180, 35, NULL, '2025-02-11 14:15:44.374053+00', '2025-02-11 14:15:44.374053+00', NULL, 'e6a3839b-82cd-449d-9a8b-a48daecc167b'),
('7b47bf18-629b-45cb-8c02-3426b2fbf375', 'a6d9c948-e1b6-47f3-b5ca-1f197e244599', 't', 180, 7, NULL, '2025-02-11 16:34:30.943403+00', '2025-02-11 16:34:30.943403+00', NULL, '864eb272-6a42-4446-8b8f-7aa8420491d4'),
('7c36aba3-f229-4a1c-be96-988366bd34c3', '13221923-b2cf-4836-aec7-afbf63bb88f5', 't', 180, 5, NULL, '2025-02-11 16:20:06.761676+00', '2025-02-11 16:20:06.761676+00', NULL, '22c37839-6e39-40b7-9608-1839b214c7e3'),
('7d4b8a8c-9d01-42f8-b7de-e1219cfb4e10', '7626ac04-6cd4-4663-a666-b69a4baefd8b', 't', 180, 6, NULL, '2025-02-11 16:34:30.892746+00', '2025-02-11 16:34:30.892746+00', NULL, '864eb272-6a42-4446-8b8f-7aa8420491d4'),
('7ea1607b-4b59-4fc9-888d-be6a9b30e30c', 'd9bbbc72-a3a6-4b95-bb06-438d27a1805d', 't', 180, 31, NULL, '2025-02-11 16:34:31.173043+00', '2025-02-11 16:34:31.173043+00', NULL, '864eb272-6a42-4446-8b8f-7aa8420491d4'),
('7eecbb11-c08f-4ced-a544-39e54bdbb9ca', '8f561c41-64fa-4d2c-b6a9-978143c4c1be', 't', 180, 5, NULL, '2025-02-11 12:46:27.905062+00', '2025-02-11 12:46:27.905062+00', NULL, 'e6a3839b-82cd-449d-9a8b-a48daecc167b'),
('7f26a68b-27aa-4900-ad99-ed9dc85b7575', 'b4f890cd-4da6-4cf0-a590-089e6a8896d5', 't', 180, 32, NULL, '2025-02-11 14:11:04.009833+00', '2025-02-11 14:11:04.009833+00', NULL, 'e6a3839b-82cd-449d-9a8b-a48daecc167b'),
('7fd8e461-0949-4278-8dba-aac47ecf3dd3', '2ceb9421-32c8-4368-9e1b-ef85b74ba13c', 't', 180, 30, NULL, '2025-02-11 16:34:31.17123+00', '2025-02-11 16:34:31.17123+00', NULL, '864eb272-6a42-4446-8b8f-7aa8420491d4'),
('80423a79-f3f3-4ee7-b806-f44585b101ec', 'a45e66ea-5424-47e7-b59a-cb109f594296', 't', 150, 4, NULL, '2025-02-11 12:25:50.931269+00', '2025-02-11 12:25:50.931269+00', NULL, '93289536-0b57-450c-903c-b8af5460e832'),
('819cb828-5007-4c3b-b59e-4e57fde58e80', '1807fabf-a4b4-43d2-86cf-ff230536ee35', 't', 150, 0, NULL, '2025-02-11 12:25:50.931269+00', '2025-02-11 12:25:50.931269+00', NULL, '34868c98-a082-47c1-9465-3faae1db7fd0'),
('81bbc094-f880-4f46-8db3-0d729f41c978', '785c7383-2a30-4bc5-8734-7c3ec6f145d1', 't', 150, 3, NULL, '2025-02-11 12:25:50.931269+00', '2025-02-11 12:25:50.931269+00', NULL, 'a6a50dbd-4153-428c-a171-ce725564d9e7'),
('83cf303a-807b-4b83-9866-5f495fcf9a15', '456d03e6-0a50-4316-83e0-0a0da64ee439', 't', 180, 9, NULL, '2025-02-11 12:59:14.069461+00', '2025-02-11 12:59:14.069461+00', NULL, '16ad6809-de21-4933-adab-f87cbeb4208c'),
('871ca99f-3058-490a-b09c-d4e4f1eed5e2', '7b8115ae-fc11-4109-8bc2-d40b3bb7d722', 't', 150, 2, NULL, '2025-02-11 12:25:50.931269+00', '2025-02-11 12:25:50.931269+00', NULL, '34868c98-a082-47c1-9465-3faae1db7fd0'),
('87334fc1-26da-480c-829e-1969a8e0d9c1', '00e56c7f-918d-40bb-b158-6302de373cbe', 't', 180, 19, NULL, '2025-02-11 16:34:31.060202+00', '2025-02-11 16:34:31.060202+00', NULL, '864eb272-6a42-4446-8b8f-7aa8420491d4'),
('88abb732-7172-4716-ae92-d47a98fd3abf', '9c1d6af1-ab64-4e32-ba40-1d12ef4d592a', 't', 180, 40, NULL, '2025-02-11 16:34:31.247662+00', '2025-02-11 16:34:31.247662+00', NULL, '864eb272-6a42-4446-8b8f-7aa8420491d4'),
('8973c0e2-065d-4bc0-bb48-29b29af64bb8', 'a494b5dc-cbc8-4c78-9f17-feb811ff3d49', 't', 150, 3, NULL, '2025-02-11 12:25:50.931269+00', '2025-02-11 12:25:50.931269+00', NULL, '27c13233-4aa2-4eaa-9658-ad10e5e083a5'),
('89f2830e-8b5c-4efd-8471-8f50f0e9a64d', '7b8115ae-fc11-4109-8bc2-d40b3bb7d722', 't', 150, 2, NULL, '2025-02-11 12:25:50.931269+00', '2025-02-11 12:25:50.931269+00', NULL, '1621f58f-ab93-4375-837f-c60a52ecfc44'),
('8c38567b-501c-4143-880b-184ded128537', '4b635abb-c7f8-4365-8fcd-cbf27536c700', 't', 180, 16, NULL, '2025-02-11 16:36:33.687797+00', '2025-02-11 16:36:33.687797+00', NULL, '4414a333-4921-4641-bae0-d5e651ed3a36'),
('8c6bcf64-5b52-41fb-8ea2-0b5cea4ae76c', 'ee51c953-5fdd-4245-bdc1-4ecb4cddda08', 't', 180, 42, NULL, '2025-02-11 16:34:31.274801+00', '2025-02-11 16:34:31.274801+00', NULL, '864eb272-6a42-4446-8b8f-7aa8420491d4'),
('8de32863-1a50-4446-8a36-a8f686b11009', '45c993ff-1f91-4834-886d-3ad13c2ed1b0', 't', 180, 32, NULL, '2025-02-11 14:11:00.351941+00', '2025-02-11 14:11:00.351941+00', NULL, '16ad6809-de21-4933-adab-f87cbeb4208c'),
('8ee6e137-ebdd-4623-812f-22e9adc34444', '730954d6-8288-4076-9629-bee6f6278980', 't', 180, 23, NULL, '2025-02-11 16:36:33.750841+00', '2025-02-11 16:36:33.750841+00', NULL, '4414a333-4921-4641-bae0-d5e651ed3a36'),
('8f274db0-7c84-4ed8-99db-147177815dad', '21cb20a1-eb71-4c7f-acb0-6a437c7f00d9', 't', 180, 27, NULL, '2025-02-11 13:28:18.246331+00', '2025-02-11 13:28:18.246331+00', NULL, '16ad6809-de21-4933-adab-f87cbeb4208c'),
('916a6435-cf00-4cbb-9e49-44d0eaa41cca', '21cb20a1-eb71-4c7f-acb0-6a437c7f00d9', 't', 180, 27, NULL, '2025-02-11 16:36:33.780778+00', '2025-02-11 16:36:33.780778+00', NULL, '4414a333-4921-4641-bae0-d5e651ed3a36'),
('91a15a4b-edb0-4446-bab7-3c98aa120129', '9005b664-e7ff-43f1-8bed-9ab11f8d8f19', 't', 180, 11, NULL, '2025-02-11 16:36:33.66493+00', '2025-02-11 16:36:33.66493+00', NULL, '4414a333-4921-4641-bae0-d5e651ed3a36'),
('92018a51-c76d-4492-b1de-00f1f5e60163', 'c3ca93c0-e1f7-4fda-b1d0-e42fed7c480c', 't', 180, 3, NULL, '2025-02-11 14:32:23.964426+00', '2025-02-11 14:32:23.964426+00', NULL, '568062b0-e2ac-4561-86b4-cf8460198850'),
('92e5c4ec-0048-4de9-b5eb-eab82a81b729', 'b5b6707b-1bbd-4ff4-b22b-faf21496a6cb', 't', 180, 15, NULL, '2025-02-11 13:10:13.613285+00', '2025-02-11 13:10:13.613285+00', NULL, 'e6a3839b-82cd-449d-9a8b-a48daecc167b'),
('943589b1-3da7-4bab-b424-ea1bf26c59bb', '55d40798-b4e9-4007-9bc9-bb9a5024cac7', 't', 150, 0, NULL, '2025-02-11 12:25:50.931269+00', '2025-02-11 12:25:50.931269+00', NULL, '878aea20-fe3d-4483-a6a7-8042aec8692a'),
('9451b275-fb9d-41cd-b4ad-396226aad3b9', '74d72421-aea5-4f70-8b5c-a60e950e2914', 't', 180, 20, NULL, '2025-02-11 16:36:33.720913+00', '2025-02-11 16:36:33.720913+00', NULL, '4414a333-4921-4641-bae0-d5e651ed3a36'),
('94e9f650-387d-4fd0-8e1a-04ee5cee2521', 'c8ee47b2-051b-452f-b7a9-42d2ff082e15', 't', 150, 1, 'COUNT_UNIQUE_VALUES', '2025-02-11 12:25:50.931269+00', '2025-02-11 12:25:50.931269+00', NULL, 'bc17ce37-df80-449a-ad1e-2e2f96c2b336'),
('9576e73a-47b7-4745-861b-76973f2c2729', 'a6d9c948-e1b6-47f3-b5ca-1f197e244599', 't', 180, 7, NULL, '2025-02-11 12:50:13.043058+00', '2025-02-11 12:50:13.043058+00', NULL, '16ad6809-de21-4933-adab-f87cbeb4208c'),
('9641fb86-1b37-4661-8d1a-e6bdb46d1832', 'cbf05b7e-e957-4b9a-bea4-3623ed48be8d', 't', 180, 38, NULL, '2025-02-11 16:34:31.267368+00', '2025-02-11 16:34:31.267368+00', NULL, '864eb272-6a42-4446-8b8f-7aa8420491d4'),
('96e40b5e-e035-4afe-a470-1fe8bb25f7df', '875047ef-31db-40d5-85f1-b13141973b4f', 't', 180, 24, NULL, '2025-02-11 16:36:33.749978+00', '2025-02-11 16:36:33.749978+00', NULL, '4414a333-4921-4641-bae0-d5e651ed3a36'),
('97361f30-04e4-47c4-a3b9-a60e74706df9', 'a477657b-3fae-4828-81c1-ea21d17e3016', 't', 180, 3, NULL, '2025-02-11 12:42:38.610651+00', '2025-02-11 12:42:38.610651+00', NULL, '16ad6809-de21-4933-adab-f87cbeb4208c'),
('98b307d0-9832-4309-8b2b-e52d4d20b526', '45c993ff-1f91-4834-886d-3ad13c2ed1b0', 't', 180, 32, NULL, '2025-02-11 16:34:31.177506+00', '2025-02-11 16:34:31.177506+00', NULL, '864eb272-6a42-4446-8b8f-7aa8420491d4'),
('98e6878d-6cc8-4908-a038-496ed798226b', 'bc21085b-e616-4f05-b7ce-f3fbb4a5990b', 't', 180, 26, NULL, '2025-02-11 16:34:31.12734+00', '2025-02-11 16:34:31.12734+00', NULL, '864eb272-6a42-4446-8b8f-7aa8420491d4'),
('99b7ce53-2813-4be4-ac19-28d94004a17d', 'c0c85030-792a-466c-a481-9a6c9a51c351', 't', 180, 41, NULL, '2025-02-11 16:36:33.875689+00', '2025-02-11 16:36:33.875689+00', NULL, '4414a333-4921-4641-bae0-d5e651ed3a36'),
('99c02222-a229-49fd-be38-8da32bbc6e9b', '08bc997f-0fd8-4ac0-b738-7d3a698ebb6c', 't', 180, 25, NULL, '2025-02-11 13:26:35.883445+00', '2025-02-11 13:26:35.883445+00', NULL, '16ad6809-de21-4933-adab-f87cbeb4208c'),
('99e799a4-bd9c-469e-b0f8-d2af07b44010', '9c1d6af1-ab64-4e32-ba40-1d12ef4d592a', 't', 180, 40, NULL, '2025-02-11 14:26:19.464675+00', '2025-02-11 14:26:19.464675+00', NULL, '16ad6809-de21-4933-adab-f87cbeb4208c'),
('9a01eb8c-6c47-46e0-affa-e76944959afc', '3cbdfafe-6e74-4d70-b9e0-8f920516356a', 't', 180, 22, NULL, '2025-02-11 16:34:31.092315+00', '2025-02-11 16:34:31.092315+00', NULL, '864eb272-6a42-4446-8b8f-7aa8420491d4'),
('9a604e3d-4e17-4773-be67-ca9b1053291d', '456d03e6-0a50-4316-83e0-0a0da64ee439', 't', 180, 9, NULL, '2025-02-11 16:34:30.96532+00', '2025-02-11 16:34:30.96532+00', NULL, '864eb272-6a42-4446-8b8f-7aa8420491d4'),
('9c3a61f4-ef64-4ed3-a50f-d6e1bceeea64', 'eeea4d78-12d3-4c9c-9e90-12a43c025c6f', 't', 180, 17, NULL, '2025-02-11 13:11:30.23563+00', '2025-02-11 13:11:30.23563+00', NULL, 'e6a3839b-82cd-449d-9a8b-a48daecc167b'),
('9d085cce-9cd9-40d6-95ce-cc2c33fa0074', '3252579b-b542-45a9-87ab-600e702625c6', 't', 180, 33, NULL, '2025-02-11 14:11:52.432788+00', '2025-02-11 14:11:52.432788+00', NULL, '16ad6809-de21-4933-adab-f87cbeb4208c'),
('9d65e9b0-7c3a-40c4-97a7-4e8f09adb374', 'e9ca5c72-c6b4-464f-9a89-e8fb254f266d', 't', 180, 39, NULL, '2025-02-11 14:23:25.503191+00', '2025-02-11 14:23:25.503191+00', NULL, '16ad6809-de21-4933-adab-f87cbeb4208c'),
('9f8b15bf-4d11-420f-a188-37b5ea91715a', 'e02c7395-6ce4-4ed0-a646-8ac7336a8cd8', 't', 180, 43, NULL, '2025-02-11 16:36:33.897908+00', '2025-02-11 16:36:33.897908+00', NULL, '4414a333-4921-4641-bae0-d5e651ed3a36'),
('a0c03641-27f7-49ba-9bbe-87a091138d5d', 'f01a59f4-3de3-4a27-86dc-73679ab3bb1f', 't', 180, 0, NULL, '2025-02-11 12:42:38.610651+00', '2025-02-11 12:42:38.610651+00', NULL, '16ad6809-de21-4933-adab-f87cbeb4208c'),
('a21eabd4-b7a7-44f9-9088-bccbe0984a36', '74d72421-aea5-4f70-8b5c-a60e950e2914', 't', 180, 20, NULL, '2025-02-11 13:17:56.478515+00', '2025-02-11 13:17:56.478515+00', NULL, '16ad6809-de21-4933-adab-f87cbeb4208c'),
('a6b39ab1-59f3-407a-bd85-600ea3b83926', 'e02c7395-6ce4-4ed0-a646-8ac7336a8cd8', 't', 180, 43, NULL, '2025-02-11 16:34:31.282302+00', '2025-02-11 16:34:31.282302+00', NULL, '864eb272-6a42-4446-8b8f-7aa8420491d4'),
('a7b32af6-3382-4928-baf9-02eaf1dc4dbc', '7151fcfd-438a-4499-8fa0-ac2e438ad8dd', 't', 150, 3, NULL, '2025-02-11 12:25:50.931269+00', '2025-02-11 12:25:50.931269+00', NULL, '3ec4b2ad-dd74-4464-8743-f7dba3a12e55'),
('a7e499fc-fc48-4fd0-b4e7-7abae315d545', '1b1740c7-1c76-4d70-9e0f-32cc520b93d4', 't', 180, 4, NULL, '2025-02-11 12:42:40.787801+00', '2025-02-11 12:42:40.787801+00', NULL, 'e6a3839b-82cd-449d-9a8b-a48daecc167b'),
('a7fb5b16-4367-4267-9808-a87a73729797', '74d72421-aea5-4f70-8b5c-a60e950e2914', 't', 180, 20, NULL, '2025-02-11 16:34:31.069522+00', '2025-02-11 16:34:31.069522+00', NULL, '864eb272-6a42-4446-8b8f-7aa8420491d4'),
('a89138bf-88cf-47d1-a7cb-e8e2ca5e0db4', '875047ef-31db-40d5-85f1-b13141973b4f', 't', 180, 24, NULL, '2025-02-11 16:34:31.116028+00', '2025-02-11 16:34:31.116028+00', NULL, '864eb272-6a42-4446-8b8f-7aa8420491d4'),
('aa2d4184-be8a-4658-8ba6-b10cc0b4fb63', '256499d3-2da6-43d4-be3d-47ebb4048529', 't', 180, 38, NULL, '2025-02-11 14:18:32.086341+00', '2025-02-11 14:18:32.086341+00', NULL, 'e6a3839b-82cd-449d-9a8b-a48daecc167b'),
('aa5db422-0e03-4be0-8ba3-b7fc8daaac50', 'd4740c76-2e89-4231-a2d7-29cbb9b3124b', 't', 180, 35, NULL, '2025-02-11 14:15:39.697791+00', '2025-02-11 14:15:39.697791+00', NULL, '16ad6809-de21-4933-adab-f87cbeb4208c'),
('aaa56ed0-d3c0-4062-a234-cdf62d139a3e', 'a6d9c948-e1b6-47f3-b5ca-1f197e244599', 't', 180, 7, NULL, '2025-02-11 16:36:33.620203+00', '2025-02-11 16:36:33.620203+00', NULL, '4414a333-4921-4641-bae0-d5e651ed3a36'),
('ace6816d-67ea-4bdf-9307-2f7c11d1f997', '89cf8a5c-7beb-49fb-9c52-88d8736e796b', 't', 150, 2, NULL, '2025-02-11 12:25:50.931269+00', '2025-02-11 12:25:50.931269+00', NULL, '3ec4b2ad-dd74-4464-8743-f7dba3a12e55'),
('ae087dd0-0878-401a-a75d-2146db95e8af', 'c0c85030-792a-466c-a481-9a6c9a51c351', 't', 180, 41, NULL, '2025-02-11 14:27:26.68909+00', '2025-02-11 14:27:26.68909+00', NULL, '16ad6809-de21-4933-adab-f87cbeb4208c'),
('aea45c67-a158-4cbc-b860-3f8cf0e20005', '92397a94-77b0-457f-80e2-973bbb93ee12', 't', 170, 6, 'PERCENTAGE_EMPTY', '2025-02-11 12:25:50.931269+00', '2025-02-11 12:25:50.931269+00', NULL, '93289536-0b57-450c-903c-b8af5460e832'),
('aed6c0a4-c88e-4091-96d1-3202619c0958', '91cc8a29-cfaa-4c90-9f47-352c52dde492', 't', 180, 8, NULL, '2025-02-11 14:39:16.666525+00', '2025-02-11 14:39:16.666525+00', NULL, '568062b0-e2ac-4561-86b4-cf8460198850'),
('b0b9c9b1-c9c2-4eb5-b413-c8f734c44008', '4753acdb-14b1-4b96-be06-5b82d53f62b6', 't', 180, 2, NULL, '2025-02-11 12:42:38.610651+00', '2025-02-11 12:42:38.610651+00', NULL, '16ad6809-de21-4933-adab-f87cbeb4208c'),
('b1ae79cf-4f61-4bf8-aa9e-dd9eea671856', '86828d19-b163-412f-9f30-cf8b34104493', 't', 180, 8, NULL, '2025-02-11 16:36:33.621619+00', '2025-02-11 16:36:33.621619+00', NULL, '4414a333-4921-4641-bae0-d5e651ed3a36'),
('b352b101-31e4-4f5d-8a08-5b8a2aac7eb2', '0e030905-3232-4a28-bd76-02e6b8ccf6d1', 't', 150, 4, 'PERCENTAGE_EMPTY', '2025-02-11 12:25:50.931269+00', '2025-02-11 12:25:50.931269+00', NULL, 'bc17ce37-df80-449a-ad1e-2e2f96c2b336'),
('b369271a-1ab2-4151-8708-b3db78bd7a0d', 'c0d02062-a0a3-4054-8801-5b0b7cd9f059', 't', 180, 13, NULL, '2025-02-11 16:34:31.002631+00', '2025-02-11 16:34:31.002631+00', NULL, '864eb272-6a42-4446-8b8f-7aa8420491d4'),
('b4a3669d-a1aa-421d-a7ed-db770e0951e1', 'c30c933c-50b1-4112-833b-43fdbccaca9e', 't', 150, 1, NULL, '2025-02-11 12:25:50.931269+00', '2025-02-11 12:25:50.931269+00', NULL, '3ec4b2ad-dd74-4464-8743-f7dba3a12e55'),
('b5f9b912-1275-46ed-b95c-671fecac2444', 'f6809ec4-acc3-4dd8-a09a-590aec3abe44', 't', 150, 1, NULL, '2025-02-11 12:25:50.931269+00', '2025-02-11 12:25:50.931269+00', NULL, '1621f58f-ab93-4375-837f-c60a52ecfc44'),
('b6709444-aed4-49e9-9152-51341f84bf7d', 'f6809ec4-acc3-4dd8-a09a-590aec3abe44', 't', 150, 1, 'AVG', '2025-02-11 12:25:50.931269+00', '2025-02-11 12:25:50.931269+00', NULL, '34868c98-a082-47c1-9465-3faae1db7fd0'),
('ba31b433-f16d-461a-ad66-48b90d809571', '730954d6-8288-4076-9629-bee6f6278980', 't', 180, 23, NULL, '2025-02-11 16:34:31.115225+00', '2025-02-11 16:34:31.115225+00', NULL, '864eb272-6a42-4446-8b8f-7aa8420491d4'),
('ba980c96-be8b-4577-915e-4500f5f09c1f', '00e56c7f-918d-40bb-b158-6302de373cbe', 't', 180, 19, NULL, '2025-02-11 16:36:33.708767+00', '2025-02-11 16:36:33.708767+00', NULL, '4414a333-4921-4641-bae0-d5e651ed3a36'),
('bb08299b-902d-45d3-8554-624a25529789', '28f8b29e-f5d6-4c29-b9ca-c5000dbcdf64', 't', 180, 18, NULL, '2025-02-11 16:36:33.709527+00', '2025-02-11 16:36:33.709527+00', NULL, '4414a333-4921-4641-bae0-d5e651ed3a36'),
('bb1c0ccb-527e-4452-9f8f-670cadb3c0a8', '3cbdfafe-6e74-4d70-b9e0-8f920516356a', 't', 180, 22, NULL, '2025-02-11 13:20:24.56355+00', '2025-02-11 13:20:24.56355+00', NULL, '16ad6809-de21-4933-adab-f87cbeb4208c'),
('bd38fab3-20dd-410d-bc93-71d9cef64496', '55fb9ebf-5777-4e20-ac8c-da94709bcc99', 't', 180, 36, NULL, '2025-02-11 14:16:33.000761+00', '2025-02-11 14:16:33.000761+00', NULL, 'e6a3839b-82cd-449d-9a8b-a48daecc167b'),
('bec3a607-ca1d-4c0a-a5be-a9e869a6b3da', '38bf16ed-ecc2-4ac7-8aaa-d4d9b03fd67d', 't', 180, 3, NULL, '2025-02-11 12:42:40.787801+00', '2025-02-11 12:42:40.787801+00', NULL, 'e6a3839b-82cd-449d-9a8b-a48daecc167b'),
('bf12e400-dfbe-43b4-b7e8-5627b8d04107', 'a06e3d78-aa15-47a9-bf7e-39b164ac805f', 't', 180, 12, NULL, '2025-02-11 16:34:31.003944+00', '2025-02-11 16:34:31.003944+00', NULL, '864eb272-6a42-4446-8b8f-7aa8420491d4'),
('c303b2da-9609-4a25-816c-899dae308e11', 'e5c5d36b-811c-4dc2-b56a-1685632ff0d2', 't', 180, 18, NULL, '2025-02-11 13:12:47.141262+00', '2025-02-11 13:12:47.141262+00', NULL, 'e6a3839b-82cd-449d-9a8b-a48daecc167b'),
('c35135ca-99f3-402d-9265-390a00c4d13a', '921e140c-26b7-4bfc-8f1a-18de8db29b86', 't', 180, 34, NULL, '2025-02-11 14:15:12.805364+00', '2025-02-11 14:15:12.805364+00', NULL, 'e6a3839b-82cd-449d-9a8b-a48daecc167b'),
('c378eb65-b72f-4a2d-ae7d-33f03c0b3b88', 'e26d58b6-3d6f-48f0-969b-32b66fd74e21', 't', 180, 11, NULL, '2025-02-11 13:01:24.017717+00', '2025-02-11 13:01:24.017717+00', NULL, 'e6a3839b-82cd-449d-9a8b-a48daecc167b'),
('c3e44963-5e7d-4e3f-9494-0be6013cb76a', '51f51342-aabf-4255-a118-ee929bf7a7a9', 't', 180, 37, NULL, '2025-02-11 16:34:31.225123+00', '2025-02-11 16:34:31.225123+00', NULL, '864eb272-6a42-4446-8b8f-7aa8420491d4'),
('c4420245-186b-46c8-800d-801ef4dfab1f', 'b2d41dd4-7aba-45bf-9146-48916c04b432', 't', 180, 29, NULL, '2025-02-11 16:36:33.792559+00', '2025-02-11 16:36:33.792559+00', NULL, '4414a333-4921-4641-bae0-d5e651ed3a36'),
('c449c7f0-3769-46fd-adbc-727e36d94313', '2ceb9421-32c8-4368-9e1b-ef85b74ba13c', 't', 180, 30, NULL, '2025-02-11 16:36:33.799677+00', '2025-02-11 16:36:33.799677+00', NULL, '4414a333-4921-4641-bae0-d5e651ed3a36'),
('c45a7c8c-d254-4cea-9255-f843ea438050', '29d52f84-ed83-486c-b9cb-bbbb03937720', 't', 180, 9, NULL, '2025-02-11 14:39:30.085754+00', '2025-02-11 14:39:30.085754+00', NULL, '568062b0-e2ac-4561-86b4-cf8460198850'),
('c46a3db1-0e56-4fc6-93b7-a615a4aaf0ba', 'bc8e91e4-3fdd-4606-99b0-763873b0f79f', 't', 180, 10, NULL, '2025-02-11 13:00:17.650693+00', '2025-02-11 13:00:17.650693+00', NULL, 'e6a3839b-82cd-449d-9a8b-a48daecc167b'),
('c6640c51-ceb5-4d16-a1d9-8c46f51d659a', 'a359583b-a475-4521-98e2-23d974071f3d', 't', 180, 39, NULL, '2025-02-11 14:23:13.865284+00', '2025-02-11 14:23:13.865284+00', NULL, 'e6a3839b-82cd-449d-9a8b-a48daecc167b'),
('c6be3f8d-e950-4cf1-b8f7-3d08652a7b12', '1d923712-4b7a-4d3c-8a04-f47f81bca992', 't', 180, 17, NULL, '2025-02-11 13:12:11.553486+00', '2025-02-11 13:12:11.553486+00', NULL, '16ad6809-de21-4933-adab-f87cbeb4208c'),
('c9aece72-ddd3-4c1f-afc6-b3fab346d031', 'a477657b-3fae-4828-81c1-ea21d17e3016', 't', 180, 3, NULL, '2025-02-11 16:34:30.912656+00', '2025-02-11 16:34:30.912656+00', NULL, '864eb272-6a42-4446-8b8f-7aa8420491d4'),
('cade9606-dd94-47b2-9d78-4815b14daade', 'f01a59f4-3de3-4a27-86dc-73679ab3bb1f', 't', 180, 0, NULL, '2025-02-11 16:34:30.856784+00', '2025-02-11 16:34:30.856784+00', NULL, '864eb272-6a42-4446-8b8f-7aa8420491d4'),
('caf153b8-8d19-4cfa-8bf8-0d180332cfe9', '3cbdfafe-6e74-4d70-b9e0-8f920516356a', 't', 180, 22, NULL, '2025-02-11 16:36:33.73464+00', '2025-02-11 16:36:33.73464+00', NULL, '4414a333-4921-4641-bae0-d5e651ed3a36'),
('cb6eb6ea-fc58-498d-80ff-da5a60612102', '1807fabf-a4b4-43d2-86cf-ff230536ee35', 't', 150, 0, NULL, '2025-02-11 12:25:50.931269+00', '2025-02-11 12:25:50.931269+00', NULL, '1621f58f-ab93-4375-837f-c60a52ecfc44'),
('cb9fbcb9-5224-4fcc-a1de-c99010c53383', '779f50cb-5b0d-4e3a-affe-145d8257af1e', 't', 180, 13, NULL, '2025-02-11 13:07:49.131368+00', '2025-02-11 13:07:49.131368+00', NULL, 'e6a3839b-82cd-449d-9a8b-a48daecc167b'),
('cdbecece-0c02-42b3-b505-ff63a81533a1', 'a477657b-3fae-4828-81c1-ea21d17e3016', 't', 180, 3, NULL, '2025-02-11 16:36:33.627968+00', '2025-02-11 16:36:33.627968+00', NULL, '4414a333-4921-4641-bae0-d5e651ed3a36'),
('ce564bee-f425-4b8d-8491-2ae1636cc680', 'd4740c76-2e89-4231-a2d7-29cbb9b3124b', 't', 180, 35, NULL, '2025-02-11 16:34:31.224373+00', '2025-02-11 16:34:31.224373+00', NULL, '864eb272-6a42-4446-8b8f-7aa8420491d4'),
('ce76ba49-c0d7-41d2-8226-6da5a903b5e3', '940b2996-e048-472a-9b2e-5458766e1bc2', 't', 150, 4, NULL, '2025-02-11 12:25:50.931269+00', '2025-02-11 12:25:50.931269+00', NULL, '27c13233-4aa2-4eaa-9658-ad10e5e083a5'),
('ce9385e9-5548-4d48-8f5e-5c2d8f828922', '45c993ff-1f91-4834-886d-3ad13c2ed1b0', 't', 180, 32, NULL, '2025-02-11 16:36:33.81281+00', '2025-02-11 16:36:33.81281+00', NULL, '4414a333-4921-4641-bae0-d5e651ed3a36'),
('cee47e9d-ca7c-4dfc-b7ca-fea97c724212', '9c1d6af1-ab64-4e32-ba40-1d12ef4d592a', 't', 180, 40, NULL, '2025-02-11 16:36:33.871062+00', '2025-02-11 16:36:33.871062+00', NULL, '4414a333-4921-4641-bae0-d5e651ed3a36'),
('cf84ad9d-9cb4-4d89-9deb-acfabd2a4f91', '785c7383-2a30-4bc5-8734-7c3ec6f145d1', 't', 150, 5, NULL, '2025-02-11 12:25:50.931269+00', '2025-02-11 12:25:50.931269+00', NULL, 'e59302d7-3f0f-477a-8aff-d40e46f6477e'),
('cffe93b1-b847-4c81-b72e-e8c4138c5211', '01984329-ec35-4d79-bf6b-da0f286b42d6', 't', 180, 34, NULL, '2025-02-11 16:36:33.831502+00', '2025-02-11 16:36:33.831502+00', NULL, '4414a333-4921-4641-bae0-d5e651ed3a36'),
('d1448d42-515b-41b8-8de3-5fb33e777f46', 'f6d81220-4e50-44b1-a740-962f53bf31fb', 't', 180, 6, NULL, '2025-02-11 14:38:47.2719+00', '2025-02-11 14:38:47.2719+00', NULL, '568062b0-e2ac-4561-86b4-cf8460198850'),
('d2029e89-7758-464e-9630-461b4ef27e80', '017c1f6c-c6dd-46ec-a9f3-d5a2bb05aa51', 't', 180, 14, NULL, '2025-02-11 13:09:13.21328+00', '2025-02-11 13:09:13.21328+00', NULL, '16ad6809-de21-4933-adab-f87cbeb4208c'),
('d2f54642-a981-4d5a-a52b-04914666fd78', '1e4f5b63-a208-4b59-abe6-94fc037c46a8', 't', 150, 5, NULL, '2025-02-11 12:25:50.931269+00', '2025-02-11 12:25:50.931269+00', NULL, '78a5f25e-5596-413a-9d38-387d940efb3f'),
('d3972708-6c10-4dd1-afd4-dd528d40ca73', 'a06e3d78-aa15-47a9-bf7e-39b164ac805f', 't', 180, 12, NULL, '2025-02-11 13:07:03.816344+00', '2025-02-11 13:07:03.816344+00', NULL, '16ad6809-de21-4933-adab-f87cbeb4208c'),
('d3bf8737-9108-40b6-b144-2fcae95e188e', 'b07c1a7c-61c7-46a7-a0b7-51413d34e201', 't', 170, 7, 'COUNT_NOT_EMPTY', '2025-02-11 12:25:50.931269+00', '2025-02-11 12:25:50.931269+00', NULL, '93289536-0b57-450c-903c-b8af5460e832'),
('d433afda-9a15-4b1f-a885-1513af22c28b', '6f2a3f0b-8696-4916-8b92-01494090d49c', 't', 180, 1, NULL, '2025-02-11 12:42:38.610651+00', '2025-02-11 12:42:38.610651+00', NULL, '16ad6809-de21-4933-adab-f87cbeb4208c'),
('d4349129-880d-49f4-a4b4-a2b89e4f9f0b', '9ff0e19f-551f-436e-8e93-6aadc0163ebf', 't', 150, 4, NULL, '2025-02-11 12:25:50.931269+00', '2025-02-11 12:25:50.931269+00', NULL, 'e59302d7-3f0f-477a-8aff-d40e46f6477e'),
('d6f84916-d8b0-482b-9021-6ae3f3e488b7', '01984329-ec35-4d79-bf6b-da0f286b42d6', 't', 180, 34, NULL, '2025-02-11 16:34:31.197592+00', '2025-02-11 16:34:31.197592+00', NULL, '864eb272-6a42-4446-8b8f-7aa8420491d4'),
('d7702cff-54d7-4890-9a1d-9e89a03d0294', 'd4740c76-2e89-4231-a2d7-29cbb9b3124b', 't', 180, 35, NULL, '2025-02-11 16:36:33.836693+00', '2025-02-11 16:36:33.836693+00', NULL, '4414a333-4921-4641-bae0-d5e651ed3a36'),
('d9c8821d-02d2-4ccd-9ed1-b983cd5c5ae2', '9005b664-e7ff-43f1-8bed-9ab11f8d8f19', 't', 180, 11, NULL, '2025-02-11 13:01:26.625231+00', '2025-02-11 13:01:26.625231+00', NULL, '16ad6809-de21-4933-adab-f87cbeb4208c'),
('db0260ab-f6c2-4c8a-9923-85417a334493', 'b501faeb-b55b-41bb-aa87-34cc04ead471', 't', 210, 0, NULL, '2025-02-11 12:25:50.931269+00', '2025-02-11 12:25:50.931269+00', NULL, '3ec4b2ad-dd74-4464-8743-f7dba3a12e55'),
('dcd84467-4269-47de-b58f-5f8959fdfee1', '3d654f46-fa15-41a4-b168-7db01ba0cd44', 't', 150, 3, NULL, '2025-02-11 12:25:50.931269+00', '2025-02-11 12:25:50.931269+00', NULL, 'bc17ce37-df80-449a-ad1e-2e2f96c2b336'),
('dd7086a6-8c2e-4790-8bd2-796ec6b581fa', 'e9ca5c72-c6b4-464f-9a89-e8fb254f266d', 't', 180, 39, NULL, '2025-02-11 16:34:31.242061+00', '2025-02-11 16:34:31.242061+00', NULL, '864eb272-6a42-4446-8b8f-7aa8420491d4'),
('e06f7df2-40a0-4e57-9c8d-15fd80f37f3c', 'a6868bf4-6212-4f9c-9fdf-b1903a0ffd10', 't', 180, 1, NULL, '2025-02-11 14:32:23.964426+00', '2025-02-11 14:32:23.964426+00', NULL, '568062b0-e2ac-4561-86b4-cf8460198850'),
('e0bf0658-d4f7-4698-96d2-fd5a76aace16', 'cf2a5c66-367e-4cc6-8528-2042ff84fa1e', 't', 150, 6, NULL, '2025-02-11 12:25:50.931269+00', '2025-02-11 12:25:50.931269+00', NULL, 'e59302d7-3f0f-477a-8aff-d40e46f6477e'),
('e1a8fed0-382f-4d19-b374-2b5339127e24', 'a122b79b-5116-430c-872a-8b90235c4c30', 't', 150, 4, NULL, '2025-02-11 12:25:50.931269+00', '2025-02-11 12:25:50.931269+00', NULL, '34868c98-a082-47c1-9465-3faae1db7fd0'),
('e48e79f2-9ea3-4457-9eaf-a2ceed4834c5', '981817c2-97c7-4af4-b83b-2a2cc56f0d25', 't', 180, 7, NULL, '2025-02-11 12:50:18.160458+00', '2025-02-11 12:50:18.160458+00', NULL, 'e6a3839b-82cd-449d-9a8b-a48daecc167b'),
('e6a0902b-7279-4218-86c7-43972a78fca8', 'cbf05b7e-e957-4b9a-bea4-3623ed48be8d', 't', 180, 38, NULL, '2025-02-11 14:18:35.67155+00', '2025-02-11 14:18:35.67155+00', NULL, '16ad6809-de21-4933-adab-f87cbeb4208c'),
('e794ceda-4f40-4951-b714-58a2be9b0cb6', 'bf1f7422-6b0a-4558-9ad3-443c1c57094b', 't', 180, 4, NULL, '2025-02-11 16:34:30.954369+00', '2025-02-11 16:34:30.954369+00', NULL, '864eb272-6a42-4446-8b8f-7aa8420491d4'),
('e91fa9d1-7654-4aa5-ac4a-77126979b113', '86828d19-b163-412f-9f30-cf8b34104493', 't', 180, 8, NULL, '2025-02-11 12:54:12.928287+00', '2025-02-11 12:54:12.928287+00', NULL, '16ad6809-de21-4933-adab-f87cbeb4208c'),
('ea05b0eb-f066-4709-8881-6c98a42bbc7e', '51f51342-aabf-4255-a118-ee929bf7a7a9', 't', 180, 37, NULL, '2025-02-11 14:17:27.358176+00', '2025-02-11 14:17:27.358176+00', NULL, '16ad6809-de21-4933-adab-f87cbeb4208c'),
('f2a08d00-d93d-4f55-a24a-7f22501896a5', '7002d5a6-f616-43a5-841d-513c882cff37', 't', 150, 4, NULL, '2025-02-11 12:25:50.931269+00', '2025-02-11 12:25:50.931269+00', NULL, '3ec4b2ad-dd74-4464-8743-f7dba3a12e55'),
('f2bacfab-ab53-404d-abff-7fa6379ac1dd', 'd9bbbc72-a3a6-4b95-bb06-438d27a1805d', 't', 180, 31, NULL, '2025-02-11 13:40:03.073933+00', '2025-02-11 13:40:03.073933+00', NULL, '16ad6809-de21-4933-adab-f87cbeb4208c'),
('f2d6df14-ba63-4b79-8886-342ab1719239', 'b2d41dd4-7aba-45bf-9146-48916c04b432', 't', 180, 29, NULL, '2025-02-11 16:34:31.171796+00', '2025-02-11 16:34:31.171796+00', NULL, '864eb272-6a42-4446-8b8f-7aa8420491d4'),
('f3571eca-ddf5-4f1a-a1d5-8f7478e5d845', '52642b48-3570-4d6b-b2d5-db363b25b11f', 't', 150, 1, NULL, '2025-02-11 12:25:50.931269+00', '2025-02-11 12:25:50.931269+00', NULL, '878aea20-fe3d-4483-a6a7-8042aec8692a'),
('f37cc6dd-f7d2-4438-a0a5-f0cd2c3d63b8', '7008bc42-784b-4da3-afad-956dcc67cd17', 't', 150, 0, NULL, '2025-02-11 12:25:50.931269+00', '2025-02-11 12:25:50.931269+00', NULL, '78a5f25e-5596-413a-9d38-387d940efb3f'),
('f45b1da7-74a0-4c3f-ac31-8bbe50dee72a', 'bf1f7422-6b0a-4558-9ad3-443c1c57094b', 't', 180, 4, NULL, '2025-02-11 16:36:33.59523+00', '2025-02-11 16:36:33.59523+00', NULL, '4414a333-4921-4641-bae0-d5e651ed3a36'),
('f4fce954-44cd-4f5c-baff-09d8b34ff58f', '7a5f10b3-1d8b-40c3-a7d2-b7fc14c4ba4a', 't', 180, 31, NULL, '2025-02-11 13:39:58.560272+00', '2025-02-11 13:39:58.560272+00', NULL, 'e6a3839b-82cd-449d-9a8b-a48daecc167b'),
('f615a82a-355c-42c8-8ae9-d94fb9d6ada6', '4d1126d4-de2c-4c16-b453-397bbb6affce', 't', 180, 12, NULL, '2025-02-11 13:06:57.111255+00', '2025-02-11 13:06:57.111255+00', NULL, 'e6a3839b-82cd-449d-9a8b-a48daecc167b'),
('f6fe7ae5-7162-458e-bbca-ee000627dc2c', '48b50f46-ba40-498c-adb8-d9e1ca218724', 't', 180, 16, NULL, '2025-02-11 13:10:53.361861+00', '2025-02-11 13:10:53.361861+00', NULL, 'e6a3839b-82cd-449d-9a8b-a48daecc167b'),
('f77b0589-2ab7-4c1f-b387-26069708ed33', 'c9d1bfe5-5370-4482-bf67-53a130091244', 't', 180, 25, NULL, '2025-02-11 13:26:46.899267+00', '2025-02-11 13:26:46.899267+00', NULL, 'e6a3839b-82cd-449d-9a8b-a48daecc167b'),
('f785f472-145b-4db1-859d-77847c981b76', '3252579b-b542-45a9-87ab-600e702625c6', 't', 180, 33, NULL, '2025-02-11 16:36:33.826531+00', '2025-02-11 16:36:33.826531+00', NULL, '4414a333-4921-4641-bae0-d5e651ed3a36'),
('f8605ce8-4c4e-4b64-9dd1-ca2277bab59b', 'e1506a76-0ca5-48fa-a41f-c34a7eb0c83e', 't', 180, 29, NULL, '2025-02-11 13:32:24.687599+00', '2025-02-11 13:32:24.687599+00', NULL, 'e6a3839b-82cd-449d-9a8b-a48daecc167b'),
('f9ea088b-e2a9-43d2-819b-a7e56ace437e', '4753acdb-14b1-4b96-be06-5b82d53f62b6', 't', 180, 2, NULL, '2025-02-11 16:36:33.620784+00', '2025-02-11 16:36:33.620784+00', NULL, '4414a333-4921-4641-bae0-d5e651ed3a36'),
('fb03bf1a-0b9a-4d2b-8dcd-cb38a4e4cf01', 'fda6e4a5-476f-466d-ac29-3bc0ff5f37a5', 't', 180, 10, NULL, '2025-02-11 16:34:30.972992+00', '2025-02-11 16:34:30.972992+00', NULL, '864eb272-6a42-4446-8b8f-7aa8420491d4'),
('fb267e81-049c-4798-8983-bc769227a8f5', 'b4a99d44-c50f-4351-a58e-7888b4915a69', 't', 180, 21, NULL, '2025-02-11 13:19:43.249769+00', '2025-02-11 13:19:43.249769+00', NULL, 'e6a3839b-82cd-449d-9a8b-a48daecc167b'),
('fd56f47f-8157-4879-bf02-28f77cf03da3', '51f51342-aabf-4255-a118-ee929bf7a7a9', 't', 180, 37, NULL, '2025-02-11 16:36:33.854102+00', '2025-02-11 16:36:33.854102+00', NULL, '4414a333-4921-4641-bae0-d5e651ed3a36'),
('fef4f73c-dcf8-408e-9bae-59be39b7d6ca', 'fb3cf368-e086-4976-acc2-f92f2df80fdf', 't', 180, 44, NULL, '2025-02-11 16:36:33.900639+00', '2025-02-11 16:36:33.900639+00', NULL, '4414a333-4921-4641-bae0-d5e651ed3a36'),
('ff390c88-fd27-469f-a066-6d0e2209cafc', 'e9ca5c72-c6b4-464f-9a89-e8fb254f266d', 't', 180, 39, NULL, '2025-02-11 16:36:33.866063+00', '2025-02-11 16:36:33.866063+00', NULL, '4414a333-4921-4641-bae0-d5e651ed3a36'),
('ffa4888e-5621-4df1-b61f-e99c216a48ec', '9c083817-1843-4fac-b8de-30d787af739c', 't', 180, 21, NULL, '2025-02-11 16:36:33.728302+00', '2025-02-11 16:36:33.728302+00', NULL, '4414a333-4921-4641-bae0-d5e651ed3a36'),
('fff5fedb-e177-4ee4-bfb0-4dae853a1cdb', 'bc21085b-e616-4f05-b7ce-f3fbb4a5990b', 't', 180, 26, NULL, '2025-02-11 13:27:05.454942+00', '2025-02-11 13:27:05.454942+00', NULL, '16ad6809-de21-4933-adab-f87cbeb4208c');

INSERT INTO "workspace_cx4n9amsokeimqyix671bckj6"."viewGroup" ("id", "fieldMetadataId", "isVisible", "fieldValue", "position", "createdAt", "updatedAt", "deletedAt", "viewId") VALUES
('066dec94-9347-46f1-aeca-0e211bc4baab', '684fe2c0-461f-445f-bbb7-1730bd569775', 't', 'PROPOSAL', 3, '2025-02-11 12:25:50.931269+00', '2025-02-11 12:25:50.931269+00', NULL, '1621f58f-ab93-4375-837f-c60a52ecfc44'),
('3cf01ceb-3e80-4a0e-b134-2821950b1c2c', '684fe2c0-461f-445f-bbb7-1730bd569775', 't', 'SCREENING', 1, '2025-02-11 12:25:50.931269+00', '2025-02-11 12:25:50.931269+00', NULL, '1621f58f-ab93-4375-837f-c60a52ecfc44'),
('5e9080d6-6337-4f3d-9342-15e9fe4f138d', '684fe2c0-461f-445f-bbb7-1730bd569775', 't', 'MEETING', 2, '2025-02-11 12:25:50.931269+00', '2025-02-11 12:25:50.931269+00', NULL, '1621f58f-ab93-4375-837f-c60a52ecfc44'),
('71ad00c8-2e44-43a8-8cb7-3c8771af227e', 'fba56ff9-1740-4967-aa07-834bd19838b3', 't', 'TODO', 0, '2025-02-11 12:25:50.931269+00', '2025-02-11 12:25:50.931269+00', NULL, 'a6a50dbd-4153-428c-a171-ce725564d9e7'),
('8ca90079-b6b8-4e5a-b43c-cf342cf5397f', 'fba56ff9-1740-4967-aa07-834bd19838b3', 't', 'IN_PROGRESS', 1, '2025-02-11 12:25:50.931269+00', '2025-02-11 12:25:50.931269+00', NULL, 'a6a50dbd-4153-428c-a171-ce725564d9e7'),
('91ac562b-f854-406b-a6a0-6778069551b5', '684fe2c0-461f-445f-bbb7-1730bd569775', 't', 'NEW', 0, '2025-02-11 12:25:50.931269+00', '2025-02-11 12:25:50.931269+00', NULL, '1621f58f-ab93-4375-837f-c60a52ecfc44'),
('92be1b7b-1f65-4c8a-b778-da4d18a88876', '684fe2c0-461f-445f-bbb7-1730bd569775', 't', 'CUSTOMER', 4, '2025-02-11 12:25:50.931269+00', '2025-02-11 12:25:50.931269+00', NULL, '1621f58f-ab93-4375-837f-c60a52ecfc44'),
('fc3e1622-ae16-4b74-8252-cef4392672d4', 'fba56ff9-1740-4967-aa07-834bd19838b3', 't', 'DONE', 2, '2025-02-11 12:25:50.931269+00', '2025-02-11 12:25:50.931269+00', NULL, 'a6a50dbd-4153-428c-a171-ce725564d9e7');


INSERT INTO "workspace_cx4n9amsokeimqyix671bckj6"."favorite" ("id", "position", "createdAt", "updatedAt", "deletedAt", "workspaceMemberId", "personId", "companyId", "favoriteFolderId", "opportunityId", "workflowId", "workflowVersionId", "workflowRunId", "taskId", "noteId", "viewId", "propertyId", "publicationId", "agencyId", "buyerLeadId") VALUES
('15a79474-8291-4bf3-a67f-3b30a692d5d4', 6, '2025-02-11 12:42:38.619685+00', '2025-02-11 12:42:38.619685+00', NULL, NULL, NULL, NULL, NULL, NULL, NULL, NULL, NULL, NULL, NULL, '16ad6809-de21-4933-adab-f87cbeb4208c', NULL, NULL, NULL, NULL),
('86621f01-83f4-4aa6-a3f2-a9280020610a', 5, '2025-02-11 12:25:50.931269+00', '2025-02-11 12:25:50.931269+00', NULL, NULL, NULL, NULL, NULL, NULL, NULL, NULL, NULL, NULL, NULL, '878aea20-fe3d-4483-a6a7-8042aec8692a', NULL, NULL, NULL, NULL),
('993e4a54-20c7-41df-85c9-9ea358c15a4c', 9, '2025-02-11 16:08:43.329736+00', '2025-02-11 16:08:43.329736+00', NULL, NULL, NULL, NULL, NULL, NULL, NULL, NULL, NULL, NULL, NULL, '22c37839-6e39-40b7-9608-1839b214c7e3', NULL, NULL, NULL, NULL),
('ad77796c-e3a2-4e75-983e-c3557798b437', 3, '2025-02-11 12:25:50.931269+00', '2025-02-11 12:25:50.931269+00', NULL, NULL, NULL, NULL, NULL, NULL, NULL, NULL, NULL, NULL, NULL, '27c13233-4aa2-4eaa-9658-ad10e5e083a5', NULL, NULL, NULL, NULL),
('adf9b0eb-c599-41af-b2f3-d587d5eae064', 1, '2025-02-11 12:25:50.931269+00', '2025-02-11 12:25:50.931269+00', NULL, NULL, NULL, NULL, NULL, NULL, NULL, NULL, NULL, NULL, NULL, 'bc17ce37-df80-449a-ad1e-2e2f96c2b336', NULL, NULL, NULL, NULL),
('af081d60-e6e6-46e2-89fd-d4c8c2a66bae', 0, '2025-02-11 12:25:50.931269+00', '2025-02-11 12:25:50.931269+00', NULL, NULL, NULL, NULL, NULL, NULL, NULL, NULL, NULL, NULL, NULL, '93289536-0b57-450c-903c-b8af5460e832', NULL, NULL, NULL, NULL),
('d5458a7e-6530-40f5-b167-2cb7aa8b28ad', 2, '2025-02-11 12:25:50.931269+00', '2025-02-11 12:25:50.931269+00', NULL, NULL, NULL, NULL, NULL, NULL, NULL, NULL, NULL, NULL, NULL, '34868c98-a082-47c1-9465-3faae1db7fd0', NULL, NULL, NULL, NULL),
('e411885a-25b5-4f8f-adb5-9db21232f312', 4, '2025-02-11 12:25:50.931269+00', '2025-02-11 12:25:50.931269+00', NULL, NULL, NULL, NULL, NULL, NULL, NULL, NULL, NULL, NULL, NULL, 'e59302d7-3f0f-477a-8aff-d40e46f6477e', NULL, NULL, NULL, NULL),
('ef36eafd-413d-4b9c-a99d-a46bd32a1586', 7, '2025-02-11 12:42:40.966791+00', '2025-02-11 12:42:40.966791+00', NULL, NULL, NULL, NULL, NULL, NULL, NULL, NULL, NULL, NULL, NULL, 'e6a3839b-82cd-449d-9a8b-a48daecc167b', NULL, NULL, NULL, NULL),
('f50f8512-7cb2-4eeb-a795-6a16606c74e9', 8, '2025-02-11 14:32:23.974665+00', '2025-02-11 14:32:23.974665+00', NULL, NULL, NULL, NULL, NULL, NULL, NULL, NULL, NULL, NULL, NULL, '568062b0-e2ac-4561-86b4-cf8460198850', NULL, NULL, NULL, NULL);

INSERT INTO "workspace_cx4n9amsokeimqyix671bckj6"."workspaceMember" ("id", "nameFirstName", "nameLastName", "colorScheme", "locale", "avatarUrl", "userEmail", "userId", "timeZone", "dateFormat", "timeFormat", "createdAt", "updatedAt", "deletedAt") VALUES
('52910928-0d7b-4f07-b952-c59841bd16c8', 'Muster', 'Mann', 'System', 'en', '', 'default@nestermind.com', 'b4cef333-8156-4e4b-adbb-b7b3aff8514a', 'system', 'SYSTEM', 'SYSTEM', '2025-02-11 12:25:50.965068+00', '2025-02-11 12:26:11.406125+00', NULL);

COMMIT;
